timestamp,run_id,prompt_version,model,thinking,article_id,input_tokens,output_tokens,duration_seconds,status,fallback_used,validation_error
2026-05-21T01:00:00.322845+00:00,session4_smoke_kenya_2022,v1,deepseek-ai/deepseek-v4-pro,False,20220809000000-0,2499,82,855.31,ok,False,
2026-05-21T01:14:15.652646+00:00,session4_smoke_kenya_2022,v1,deepseek-ai/deepseek-v4-pro,False,20220809000000-1,2958,94,31.816,ok,False,
2026-05-21T01:14:47.483243+00:00,session4_smoke_kenya_2022,v1,deepseek-ai/deepseek-v4-pro,False,20220809000000-2,1147,94,397.48,ok,False,
2026-05-21T01:21:24.977181+00:00,session4_smoke_kenya_2022,v1,deepseek-ai/deepseek-v4-pro,False,20220809000000-3,0,0,0.0,transient:InternalServerError,False,
2026-05-21T01:34:50.847464+00:00,session4_smoke_kenya_2022,v1,deepseek-ai/deepseek-v4-pro,False,20220809000000-3,0,0,0.0,transient:InternalServerError,False,
2026-05-21T01:44:31.486064+00:00,session4_smoke_kenya_2022,v1,deepseek-ai/deepseek-v4-pro,False,20220809000000-3,1175,96,333.806,ok,False,
2026-05-21T01:50:05.316750+00:00,session4_smoke_kenya_2022,v1,deepseek-ai/deepseek-v4-pro,False,20220809000000-4,0,0,0.0,transient:InternalServerError,False,
2026-05-21T02:05:13.932143+00:00,session4_smoke_kenya_2022,v1,deepseek-ai/deepseek-v4-pro,False,20220809000000-4,1584,80,22.817,ok,False,
2026-05-22T00:41:32.577224+00:00,eval_v1,v1,deepseek/deepseek-v4-flash,False,20220817130000-492,1187,447,6.337,ok,False,
2026-05-22T00:41:32.578944+00:00,eval_v1,v1,deepseek/deepseek-v4-flash,False,20220822223000-1202,1168,675,10.239,ok,False,
2026-05-22T00:41:50.618497+00:00,eval_v1,v1,deepseek/deepseek-v4-flash,False,20220830093000-457,1199,348,4.449,ok,False,
2026-05-22T00:41:50.613508+00:00,eval_v1,v1,deepseek/deepseek-v4-flash,False,20220906060000-424,1266,426,5.429,ok,False,
2026-05-22T00:41:50.612797+00:00,eval_v1,v1,deepseek/deepseek-v4-flash,False,20220901120000-1086,1096,271,5.499,ok,False,
2026-05-22T00:41:50.612553+00:00,eval_v1,v1,deepseek/deepseek-v4-flash,False,20220817130000-492,1205,431,5.766,ok,False,
2026-05-22T00:41:55.068922+00:00,eval_v1,v1,deepseek/deepseek-v4-flash,False,20220908083000-565,1246,81,2.835,ok,False,
2026-05-22T00:41:50.618222+00:00,eval_v1,v1,deepseek/deepseek-v4-flash,False,20220819081500-848,1223,723,7.491,ok,False,
2026-05-22T00:41:50.618074+00:00,eval_v1,v1,deepseek/deepseek-v4-flash,False,20220817090000-905,1254,264,8.462,ok,False,
2026-05-22T00:41:50.618290+00:00,eval_v1,v1,deepseek/deepseek-v4-flash,False,20220822223000-1202,1168,105,9.533,ok,False,
2026-05-22T00:41:57.904288+00:00,eval_v1,v1,deepseek/deepseek-v4-flash,False,20220731070000-516,1218,67,2.406,ok,False,
2026-05-22T00:41:58.110050+00:00,eval_v1,v1,deepseek/deepseek-v4-flash,False,20220726094500-172,1044,70,2.327,ok,False,
2026-05-22T00:41:56.043032+00:00,eval_v1,v1,deepseek/deepseek-v4-flash,False,20220901063000-821,1058,531,6.548,ok,False,
2026-05-22T00:41:56.379825+00:00,eval_v1,v1,deepseek/deepseek-v4-flash,False,20220905093000-1,1233,840,7.54,ok,False,
2026-05-22T00:41:59.080676+00:00,eval_v1,v1,deepseek/deepseek-v4-flash,False,20220726223000-1514,1285,579,6.102,ok,False,
2026-05-22T00:42:00.311949+00:00,eval_v1,v1,deepseek/deepseek-v4-flash,False,20220726160000-336,1273,126,4.935,ok,False,
2026-05-22T00:42:00.152470+00:00,eval_v1,v1,deepseek/deepseek-v4-flash,False,20220727060000-210,1181,589,6.036,ok,False,
2026-05-22T00:41:56.112647+00:00,eval_v1,v1,deepseek/deepseek-v4-flash,False,20220902104500-1051,1244,481,10.22,ok,False,
2026-05-22T00:42:03.920431+00:00,eval_v1,v1,deepseek/deepseek-v4-flash,False,20220724103000-482,1081,430,3.916,ok,False,
2026-05-22T00:42:06.333192+00:00,eval_v1,v1,deepseek/deepseek-v4-flash,False,20220719030000-327,1264,272,2.755,ok,False,
2026-05-22T00:42:02.592469+00:00,eval_v1,v1,deepseek/deepseek-v4-flash,False,20220713094500-845,1307,901,7.567,ok,False,
2026-05-22T00:42:07.837161+00:00,eval_v1,v1,deepseek/deepseek-v4-flash,False,20220802153000-1593,1277,84,2.673,ok,False,
2026-05-22T00:42:00.437731+00:00,eval_v1,v1,deepseek/deepseek-v4-flash,False,20220727064500-317,1089,477,11.044,ok,False,
2026-05-22T00:41:50.618150+00:00,eval_v1,v1,deepseek/deepseek-v4-flash,False,20220819170000-810,1271,91,21.609,ok,False,
2026-05-22T00:42:05.183519+00:00,eval_v1,v1,deepseek/deepseek-v4-flash,False,20220725081500-40,1084,676,8.519,ok,False,
2026-05-22T00:42:05.248024+00:00,eval_v1,v1,deepseek/deepseek-v4-flash,False,20220712111500-1125,1271,890,10.146,ok,False,
2026-05-22T00:42:09.088883+00:00,eval_v1,v1,deepseek/deepseek-v4-flash,False,20220815110000-231,1255,486,6.722,ok,False,
2026-05-22T00:42:11.482197+00:00,eval_v1,v1,deepseek/deepseek-v4-flash,False,20220816071500-575,1252,512,5.633,ok,False,
2026-05-22T00:42:12.228174+00:00,eval_v1,v1,deepseek/deepseek-v4-flash,False,20220808114500-736,1260,538,4.996,ok,False,
2026-05-22T00:42:10.511264+00:00,eval_v1,v1,deepseek/deepseek-v4-flash,False,20220809070000-796,1237,820,7.038,ok,False,
2026-05-22T00:42:15.811504+00:00,eval_v1,v1,deepseek/deepseek-v4-flash,False,20220819234500-955,1200,102,4.098,ok,False,
2026-05-22T00:42:13.703148+00:00,eval_v1,v1,deepseek/deepseek-v4-flash,False,20220819001500-96,1280,805,6.743,ok,False,
2026-05-22T00:42:17.549973+00:00,eval_v1,v1,deepseek/deepseek-v4-flash,False,20220817170000-1351,1186,97,3.556,ok,False,
2026-05-22T00:42:17.224694+00:00,eval_v1,v1,deepseek/deepseek-v4-flash,False,20220830204500-1313,1320,344,4.821,ok,False,
2026-05-22T00:42:17.115833+00:00,eval_v1,v1,deepseek/deepseek-v4-flash,False,20220827200000-400,1258,425,6.318,ok,False,
2026-05-22T00:42:21.106420+00:00,eval_v1,v1,deepseek/deepseek-v4-flash,False,20220908150000-1248,1234,300,3.745,ok,False,
2026-05-22T00:42:06.189306+00:00,eval_v1,v1,deepseek/deepseek-v4-flash,False,20220715040000-615,1081,548,18.843,ok,False,
2026-05-22T00:42:20.447005+00:00,eval_v1,v1,deepseek/deepseek-v4-flash,False,20220905153000-1100,1241,705,5.913,ok,False,
2026-05-22T00:42:22.046607+00:00,eval_v1,v1,deepseek/deepseek-v4-flash,False,20220901224500-451,1265,425,4.727,ok,False,
2026-05-22T00:42:10.160568+00:00,eval_v1,v1,deepseek/deepseek-v4-flash,False,20220816134500-167,1189,320,16.844,ok,False,
2026-05-22T00:42:19.910513+00:00,eval_v1,v1,deepseek/deepseek-v4-flash,False,20220902054500-567,1179,385,9.346,ok,False,
2026-05-22T00:42:25.033224+00:00,eval_v1,v1,deepseek/deepseek-v4-flash,False,20220801174500-899,1321,386,4.582,ok,False,
2026-05-22T00:42:24.852475+00:00,eval_v1,v1,deepseek/deepseek-v4-flash,False,20220831090000-1081,1103,461,4.893,ok,False,
2026-05-22T00:42:26.360862+00:00,eval_v1,v1,deepseek/deepseek-v4-flash,False,20220801231500-838,1251,220,3.93,ok,False,
2026-05-22T00:42:26.774061+00:00,eval_v1,v1,deepseek/deepseek-v4-flash,False,20220730064500-178,1242,398,4.327,ok,False,
2026-05-22T00:42:29.746712+00:00,eval_v1,v1,deepseek/deepseek-v4-flash,False,20220712173000-919,1220,397,4.209,ok,False,
2026-05-22T00:42:15.394544+00:00,eval_v1,v1,deepseek/deepseek-v4-flash,False,20220824173000-628,1254,114,18.656,ok,False,
2026-05-22T00:42:29.257877+00:00,eval_v1,v1,deepseek/deepseek-v4-flash,False,20220726210000-1713,1247,439,4.833,ok,False,
2026-05-22T00:42:29.615809+00:00,eval_v1,v1,deepseek/deepseek-v4-flash,False,20220729204500-361,1254,105,4.66,ok,False,
2026-05-22T00:42:23.434764+00:00,eval_v1,v1,deepseek/deepseek-v4-flash,False,20220905190000-845,1183,881,11.912,ok,False,
2026-05-22T00:42:27.005864+00:00,eval_v1,v1,deepseek/deepseek-v4-flash,False,20220731194500-562,1223,606,8.585,ok,False,
2026-05-22T00:42:33.956535+00:00,eval_v1,v1,deepseek/deepseek-v4-flash,False,20220725113000-1055,1180,337,3.783,ok,False,
2026-05-22T00:42:34.051367+00:00,eval_v1,v1,deepseek/deepseek-v4-flash,False,20220714231500-1030,1237,262,4.771,ok,False,
2026-05-22T00:42:34.276657+00:00,eval_v1,v1,deepseek/deepseek-v4-flash,False,20220804070000-141,1259,334,5.058,ok,False,
2026-05-22T00:42:34.092425+00:00,eval_v1,v1,deepseek/deepseek-v4-flash,False,20220722151500-1483,1266,409,5.52,ok,False,
2026-05-22T00:42:39.613477+00:00,eval_v1,v1,deepseek/deepseek-v4-flash,False,20230318053000-52,1210,92,3.187,ok,False,
2026-05-22T00:42:37.739975+00:00,eval_v1,v1,deepseek/deepseek-v4-flash,False,20220804114500-1454,1190,229,5.142,ok,False,
2026-05-22T00:42:35.347514+00:00,eval_v1,v1,deepseek/deepseek-v4-flash,False,20220807103000-261,1188,828,7.948,ok,False,
2026-05-22T00:42:30.292386+00:00,eval_v1,v1,deepseek/deepseek-v4-flash,False,20220722223000-621,1277,613,13.488,ok,False,
2026-05-22T00:42:35.591619+00:00,eval_v1,v1,deepseek/deepseek-v4-flash,False,20220815001500-457,1189,843,8.51,ok,False,
2026-05-22T00:42:38.823712+00:00,eval_v1,v1,deepseek/deepseek-v4-flash,False,20220812094500-758,1229,463,6.552,ok,False,
2026-05-22T00:42:31.102371+00:00,eval_v1,v1,deepseek/deepseek-v4-flash,False,20220717201500-613,1160,775,14.359,ok,False,
2026-05-22T00:42:42.882336+00:00,eval_v1,v1,deepseek/deepseek-v4-flash,False,20230306114500-432,1271,320,3.367,ok,False,
2026-05-22T00:42:39.335180+00:00,eval_v1,v1,deepseek/deepseek-v4-flash,False,20220814040000-184,1137,392,7.582,ok,False,
2026-05-22T00:42:43.295880+00:00,eval_v1,v1,deepseek/deepseek-v4-flash,False,20230318124500-265,1168,538,4.659,ok,False,
2026-05-22T00:42:46.250276+00:00,eval_v1,v1,deepseek/deepseek-v4-flash,False,20230327151500-1344,1247,439,3.758,ok,False,
2026-05-22T00:42:45.462712+00:00,eval_v1,v1,deepseek/deepseek-v4-flash,False,20230323210000-1965,1210,361,4.72,ok,False,
2026-05-22T00:42:44.102886+00:00,eval_v1,v1,deepseek/deepseek-v4-flash,False,20230312203000-323,1259,555,6.12,ok,False,
2026-05-22T00:42:42.801029+00:00,eval_v1,v1,deepseek/deepseek-v4-flash,False,20230308193000-1627,1321,278,7.579,ok,False,
2026-05-22T00:42:45.376529+00:00,eval_v1,v1,deepseek/deepseek-v4-flash,False,20230326054500-809,1151,380,5.183,ok,False,
2026-05-22T00:42:50.560801+00:00,eval_v1,v1,deepseek/deepseek-v4-flash,False,20230216114500-692,1271,85,1.78,ok,False,
2026-05-22T00:42:50.183506+00:00,eval_v1,v1,deepseek/deepseek-v4-flash,False,20230217081500-320,1212,111,2.645,ok,False,
2026-05-22T00:42:43.781603+00:00,eval_v1,v1,deepseek/deepseek-v4-flash,False,20230318091500-312,1277,415,9.494,ok,False,
2026-05-22T00:42:50.224224+00:00,eval_v1,v1,deepseek/deepseek-v4-flash,False,20230213191500-1419,1254,255,3.579,ok,False,
2026-05-22T00:42:46.917914+00:00,eval_v1,v1,deepseek/deepseek-v4-flash,False,20230320133000-1135,1215,405,6.99,ok,False,
2026-05-22T00:42:47.955272+00:00,eval_v1,v1,deepseek/deepseek-v4-flash,False,20230320053000-590,1201,434,6.378,ok,False,
2026-05-22T00:42:50.008716+00:00,eval_v1,v1,deepseek/deepseek-v4-flash,False,20230323210000-1297,1196,509,4.746,ok,False,
2026-05-22T00:42:50.380790+00:00,eval_v1,v1,deepseek/deepseek-v4-flash,False,20230215153000-757,1192,501,6.151,ok,False,
2026-05-22T00:42:53.276919+00:00,eval_v1,v1,deepseek/deepseek-v4-flash,False,20230208130000-619,1289,95,4.101,ok,False,
2026-05-22T00:42:54.755258+00:00,eval_v1,v1,deepseek/deepseek-v4-flash,False,20230203124500-65,1199,78,3.41,ok,False,
2026-05-22T00:42:52.829972+00:00,eval_v1,v1,deepseek/deepseek-v4-flash,False,20230215181500-127,1186,271,5.628,ok,False,
2026-05-22T00:42:54.334294+00:00,eval_v1,v1,deepseek/deepseek-v4-flash,False,20230130063000-462,1245,380,5.32,ok,False,
2026-05-22T00:42:53.804294+00:00,eval_v1,v1,deepseek/deepseek-v4-flash,False,20230208170000-723,1285,346,6.255,ok,False,
2026-05-22T00:42:58.459301+00:00,eval_v1,v1,deepseek/deepseek-v4-flash,False,20230301090000-781,1280,81,2.927,ok,False,
2026-05-22T00:42:53.908989+00:00,eval_v1,v1,deepseek/deepseek-v4-flash,False,20230208033000-627,1110,357,8.355,ok,False,
2026-05-22T00:42:52.341919+00:00,eval_v1,v1,deepseek/deepseek-v4-flash,False,20230217074500-382,1246,916,10.407,ok,False,
2026-05-22T00:43:00.060523+00:00,eval_v1,v1,deepseek/deepseek-v4-flash,False,20230301180000-470,1227,266,3.296,ok,False,
2026-05-22T00:42:56.532870+00:00,eval_v1,v1,deepseek/deepseek-v4-flash,False,20230126184500-1687,1225,94,8.132,ok,False,
2026-05-22T00:42:59.656164+00:00,eval_v1,v1,deepseek/deepseek-v4-flash,False,20230226194500-418,1240,445,5.416,ok,False,
2026-05-22T00:43:01.387215+00:00,eval_v1,v1,deepseek/deepseek-v4-flash,False,20230303060000-277,1220,233,5.095,ok,False,
2026-05-22T00:43:05.072735+00:00,eval_v1,v1,deepseek/deepseek-v4-flash,False,20230316171500-198,1186,85,1.947,ok,False,
2026-05-22T00:43:03.356868+00:00,eval_v1,v1,deepseek/deepseek-v4-flash,False,20230305181500-412,1239,371,4.162,ok,False,
2026-05-22T00:43:04.666083+00:00,eval_v1,v1,deepseek/deepseek-v4-flash,False,20230307123000-217,1205,476,4.684,ok,False,
2026-05-22T00:42:58.166135+00:00,eval_v1,v1,deepseek/deepseek-v4-flash,False,20230222144500-72,1217,656,11.638,ok,False,
2026-05-22T00:43:02.750264+00:00,eval_v1,v1,deepseek/deepseek-v4-flash,False,20230314110000-830,1183,598,7.262,ok,False,
2026-05-22T00:43:06.482951+00:00,eval_v1,v1,deepseek/deepseek-v4-flash,False,20230316214500-645,1237,358,3.677,ok,False,
2026-05-22T00:43:07.520153+00:00,eval_v1,v1,deepseek/deepseek-v4-flash,False,20230319181500-74,1210,222,3.077,ok,False,
2026-05-22T00:43:10.012733+00:00,eval_v1,v1,deepseek/deepseek-v4-flash,False,20230324191500-1387,1076,278,3.287,ok,False,
2026-05-22T00:43:10.160546+00:00,eval_v1,v1,deepseek/deepseek-v4-flash,False,20230319101500-514,1180,424,3.143,ok,False,
2026-05-22T00:43:02.265788+00:00,eval_v1,v1,deepseek/deepseek-v4-flash,False,20230313061500-394,1214,986,12.735,ok,False,
2026-05-22T00:43:09.805283+00:00,eval_v1,v1,deepseek/deepseek-v4-flash,False,20230324131500-2565,1255,526,5.326,ok,False,
2026-05-22T00:43:13.300560+00:00,eval_v1,v1,deepseek/deepseek-v4-flash,False,20230215154500-1567,1225,81,2.571,ok,False,
2026-05-22T00:43:07.020710+00:00,eval_v1,v1,deepseek/deepseek-v4-flash,False,20230325084500-239,1217,249,10.261,ok,False,
2026-05-22T00:43:10.598219+00:00,eval_v1,v1,deepseek/deepseek-v4-flash,False,20230217191500-1401,1255,372,8.041,ok,False,
2026-05-22T00:43:17.282878+00:00,eval_v1,v1,deepseek/deepseek-v4-flash,False,20230208181500-257,1211,82,2.459,ok,False,
2026-05-22T00:43:09.351443+00:00,eval_v1,v1,deepseek/deepseek-v4-flash,False,20230324080000-2010,1198,628,11.69,ok,False,
2026-05-22T00:43:15.872601+00:00,eval_v1,v1,deepseek/deepseek-v4-flash,False,20230216130000-1095,1289,271,6.255,ok,False,
2026-05-22T00:43:19.742651+00:00,eval_v1,v1,deepseek/deepseek-v4-flash,False,20230202144500-44,1170,90,3.871,ok,False,
2026-05-22T00:43:15.131644+00:00,eval_v1,v1,deepseek/deepseek-v4-flash,False,20230215081500-127,1147,874,8.931,ok,False,
2026-05-22T00:43:21.042864+00:00,eval_v1,v1,deepseek/deepseek-v4-flash,False,20230129064500-587,1229,74,3.445,ok,False,
2026-05-22T00:43:18.639784+00:00,eval_v1,v1,deepseek/deepseek-v4-flash,False,20230206171500-229,1156,349,5.992,ok,False,
2026-05-22T00:43:23.614564+00:00,eval_v1,v1,deepseek/deepseek-v4-flash,False,20230209234500-346,1242,109,2.465,ok,False,
2026-05-22T00:43:24.488355+00:00,eval_v1,v1,deepseek/deepseek-v4-flash,False,20230223183000-859,1217,521,4.858,ok,False,
2026-05-22T00:43:15.001457+00:00,eval_v1,v1,deepseek/deepseek-v4-flash,False,20230215171500-1053,1205,358,15.078,ok,False,
2026-05-22T00:43:24.062889+00:00,eval_v1,v1,deepseek/deepseek-v4-flash,False,20230222173000-512,1264,488,6.262,ok,False,
2026-05-22T00:43:29.346997+00:00,eval_v1,v1,deepseek/deepseek-v4-flash,False,20230220071500-238,1248,92,2.905,ok,False,
2026-05-22T00:43:30.325595+00:00,eval_v1,v1,deepseek/deepseek-v4-flash,False,20240409150000-1494,1131,226,2.872,ok,False,
2026-05-22T00:43:30.080173+00:00,eval_v1,v1,deepseek/deepseek-v4-flash,False,20230304140000-16,1263,80,4.315,ok,False,
2026-05-22T00:43:26.080039+00:00,eval_v1,v1,deepseek/deepseek-v4-flash,False,20230220103000-273,1266,1024,10.022,parse_error,False,Unterminated string starting at: line 5 column 16 (char 93)
2026-05-22T00:43:24.632991+00:00,eval_v1,v1,deepseek/deepseek-v4-flash,False,20230218083000-419,1206,339,11.895,ok,False,
2026-05-22T00:43:32.252922+00:00,eval_v1,v1,deepseek/deepseek-v4-flash,False,20240403024500-258,1172,469,4.378,ok,False,
2026-05-22T00:43:34.395864+00:00,eval_v1,v1,deepseek/deepseek-v4-flash,False,20240402130000-331,1252,369,3.577,ok,False,
2026-05-22T00:43:36.631749+00:00,eval_v1,v1,deepseek/deepseek-v4-flash,False,20240402060000-1067,1258,338,3.886,ok,False,
2026-05-22T00:43:36.529270+00:00,eval_v1,v1,deepseek/deepseek-v4-flash,False,20240405090000-719,1264,334,4.794,ok,False,
2026-05-22T00:43:37.974026+00:00,eval_v1,v1,deepseek/deepseek-v4-flash,False,20240418091500-281,1304,497,4.527,ok,False,
2026-05-22T00:43:33.198418+00:00,eval_v1,v1,deepseek/deepseek-v4-flash,False,20240412134500-1029,1241,707,9.941,ok,False,
2026-05-22T00:43:40.518840+00:00,eval_v1,v1,deepseek/deepseek-v4-flash,False,20240422130000-213,1241,398,3.777,ok,False,
2026-05-22T00:43:37.105325+00:00,eval_v1,v1,deepseek/deepseek-v4-flash,False,20230220103000-273,1266,894,7.79,ok,False,
2026-05-22T00:43:41.324023+00:00,eval_v1,v1,deepseek/deepseek-v4-flash,False,20240415173000-1764,1205,118,3.782,ok,False,
2026-05-22T00:43:44.297601+00:00,eval_v1,v1,deepseek/deepseek-v4-flash,False,20240418124500-1333,1210,88,3.142,ok,False,
2026-05-22T00:43:43.140822+00:00,eval_v1,v1,deepseek/deepseek-v4-flash,False,20240419161500-726,1288,635,5.775,ok,False,
2026-05-22T00:43:44.896041+00:00,eval_v1,v1,deepseek/deepseek-v4-flash,False,20240316024500-663,1187,450,4.221,ok,False,
2026-05-22T00:43:42.501709+00:00,eval_v1,v1,deepseek/deepseek-v4-flash,False,20240422130000-1630,1213,464,7.924,ok,False,
2026-05-22T00:43:47.440657+00:00,eval_v1,v1,deepseek/deepseek-v4-flash,False,20240315060000-911,1287,304,5.369,ok,False,
2026-05-22T00:42:57.379234+00:00,eval_v1,v1,deepseek/deepseek-v4-flash,False,20230226224500-4,1268,635,57.35,ok,False,
2026-05-22T00:43:50.427645+00:00,eval_v1,v1,deepseek/deepseek-v4-flash,False,20240316134500-321,1195,454,4.706,ok,False,
2026-05-22T00:43:45.107147+00:00,eval_v1,v1,deepseek/deepseek-v4-flash,False,20240314214500-1793,1097,718,11.065,ok,False,
2026-05-22T00:43:48.916730+00:00,eval_v1,v1,deepseek/deepseek-v4-flash,False,20240316141500-921,1224,522,8.249,ok,False,
2026-05-22T00:43:52.810306+00:00,eval_v1,v1,deepseek/deepseek-v4-flash,False,20240301190000-1560,1242,674,5.917,ok,False,
2026-05-22T00:43:56.173032+00:00,eval_v1,v1,deepseek/deepseek-v4-flash,False,20240304123000-749,1218,101,3.337,ok,False,
2026-05-22T00:43:55.134041+00:00,eval_v1,v1,deepseek/deepseek-v4-flash,False,20240223130000-108,1175,502,4.855,ok,False,
2026-05-22T00:43:57.167191+00:00,eval_v1,v1,deepseek/deepseek-v4-flash,False,20240228144500-1680,1167,406,4.046,ok,False,
2026-05-22T00:43:49.118121+00:00,eval_v1,v1,deepseek/deepseek-v4-flash,False,20240315113000-553,1209,528,14.342,ok,False,
2026-05-22T00:43:22.128730+00:00,eval_v1,v1,deepseek/deepseek-v4-flash,False,20230203173000-77,1195,339,42.333,ok,False,
2026-05-22T00:44:01.214170+00:00,eval_v1,v1,deepseek/deepseek-v4-flash,False,20240329131500-1086,1221,294,4.165,ok,False,
2026-05-22T00:44:05.379884+00:00,eval_v1,v1,deepseek/deepseek-v4-flash,False,20240331154500-533,1260,89,3.085,ok,False,
2026-05-22T00:44:03.460954+00:00,eval_v1,v1,deepseek/deepseek-v4-flash,False,20240327211500-1457,1209,689,5.517,ok,False,
2026-05-22T00:44:08.465895+00:00,eval_v1,v1,deepseek/deepseek-v4-flash,False,20240409060000-811,1309,571,4.87,ok,False,
2026-05-22T00:43:58.728559+00:00,eval_v1,v1,deepseek/deepseek-v4-flash,False,20240229140000-561,1152,439,15.955,ok,False,
2026-05-22T00:44:08.979251+00:00,eval_v1,v1,deepseek/deepseek-v4-flash,False,20240402131500-757,1191,424,5.989,ok,False,
2026-05-22T00:43:59.989613+00:00,eval_v1,v1,deepseek/deepseek-v4-flash,False,20240327200000-0,1224,581,17.619,ok,False,
2026-05-22T00:44:04.463346+00:00,eval_v1,v1,deepseek/deepseek-v4-flash,False,20240328190000-471,1207,668,13.235,ok,False,
2026-05-22T00:44:17.609345+00:00,eval_v1,v1,deepseek/deepseek-v4-flash,False,20240403094500-785,1255,98,3.317,ok,False,
2026-05-22T00:44:14.969176+00:00,eval_v1,v1,deepseek/deepseek-v4-flash,False,20240411043000-1156,1204,430,6.229,ok,False,
2026-05-22T00:44:14.683906+00:00,eval_v1,v1,deepseek/deepseek-v4-flash,False,20240404071500-649,1267,279,10.613,ok,False,
2026-05-22T00:44:21.199340+00:00,eval_v1,v1,deepseek/deepseek-v4-flash,False,20240418040000-983,1228,388,4.236,ok,False,
2026-05-22T00:44:13.336293+00:00,eval_v1,v1,deepseek/deepseek-v4-flash,False,20240402153000-1461,1181,353,14.179,ok,False,
2026-05-22T00:44:17.699746+00:00,eval_v1,v1,deepseek/deepseek-v4-flash,False,20240418140000-896,1188,997,10.321,ok,False,
2026-05-22T00:44:20.928231+00:00,eval_v1,v1,deepseek/deepseek-v4-flash,False,20240418100000-1127,1207,337,7.399,ok,False,
2026-05-22T00:44:25.436379+00:00,eval_v1,v1,deepseek/deepseek-v4-flash,False,20240415161500-503,1214,400,4.52,ok,False,
2026-05-22T00:44:25.298700+00:00,eval_v1,v1,deepseek/deepseek-v4-flash,False,20240419120000-596,1198,677,6.061,ok,False,
2026-05-22T00:44:28.328636+00:00,eval_v1,v1,deepseek/deepseek-v4-flash,False,20240316224500-641,1195,118,3.855,ok,False,
2026-05-22T00:43:13.304299+00:00,eval_v1,v1,deepseek/deepseek-v4-flash,False,20230217173000-1150,1201,98,80.236,ok,False,
2026-05-22T00:44:32.184943+00:00,eval_v1,v1,deepseek/deepseek-v4-flash,False,20240315070000-939,1214,112,3.501,ok,False,
2026-05-22T00:44:29.956720+00:00,eval_v1,v1,deepseek/deepseek-v4-flash,False,20240316030000-786,1245,732,6.82,ok,False,
2026-05-22T00:44:33.541522+00:00,eval_v1,v1,deepseek/deepseek-v4-flash,False,20240315213000-399,1172,136,4.242,ok,False,
2026-05-22T00:44:31.360376+00:00,eval_v1,v1,deepseek/deepseek-v4-flash,False,20240315133000-1167,1197,851,7.811,ok,False,
2026-05-22T00:43:59.510997+00:00,eval_v1,v1,deepseek/deepseek-v4-flash,False,20240321093000-59,1216,885,40.591,ok,False,
2026-05-22T00:44:37.784800+00:00,eval_v1,v1,deepseek/deepseek-v4-flash,False,20240223130000-210,1233,96,4.183,ok,False,
2026-05-22T00:44:39.172389+00:00,eval_v1,v1,deepseek/deepseek-v4-flash,False,20240307040000-399,1186,271,3.141,ok,False,
2026-05-22T00:44:27.515816+00:00,eval_v1,v1,deepseek/deepseek-v4-flash,False,20240417203000-1025,1317,396,18.314,ok,False,
2026-05-22T00:44:28.022061+00:00,eval_v1,v1,deepseek/deepseek-v4-flash,False,20240315083000-944,1175,426,18.445,ok,False,
2026-05-22T00:44:42.314566+00:00,eval_v1,v1,deepseek/deepseek-v4-flash,False,20240331090000-413,1231,568,5.271,ok,False,
2026-05-22T00:44:41.968225+00:00,eval_v1,v1,deepseek/deepseek-v4-flash,False,20240307033000-1421,1222,474,6.812,ok,False,
2026-05-22T00:44:40.102564+00:00,eval_v1,v1,deepseek/deepseek-v4-flash,False,20240227153000-1248,1269,1072,9.34,ok,False,
2026-05-22T00:44:45.830896+00:00,eval_v1,v1,deepseek/deepseek-v4-flash,False,20240322131500-1469,1348,309,5.837,ok,False,
2026-05-22T00:44:48.781476+00:00,eval_v1,v1,deepseek/deepseek-v4-flash,False,20240325183000-674,1197,342,3.549,ok,False,
2026-05-22T00:44:36.777616+00:00,eval_v1,v1,deepseek/deepseek-v4-flash,False,20240227031500-879,1171,736,15.572,ok,False,
2026-05-22T00:44:49.443568+00:00,eval_v1,v1,deepseek/deepseek-v4-flash,False,20240322103000-798,1210,107,3.166,ok,False,
2026-05-22T00:44:47.586770+00:00,eval_v1,v1,deepseek/deepseek-v4-flash,False,20240323101500-200,1307,480,5.059,ok,False,
2026-05-22T00:43:54.730231+00:00,eval_v1,v1,deepseek/deepseek-v4-flash,False,20240223220000-224,1075,402,58.821,ok,False,
2026-05-22T00:44:46.467493+00:00,eval_v1,v1,deepseek/deepseek-v4-flash,False,20240323094500-273,1215,479,7.113,ok,False,
2026-05-22T00:44:53.551849+00:00,eval_v1,v1,deepseek/deepseek-v4-flash,False,20240610103000-502,1226,98,2.995,ok,False,
2026-05-22T00:44:51.668798+00:00,eval_v1,v1,deepseek/deepseek-v4-flash,False,20240608121500-378,1223,508,4.949,ok,False,
2026-05-22T00:44:52.350617+00:00,eval_v1,v1,deepseek/deepseek-v4-flash,False,20240614141500-970,1222,406,4.298,ok,False,
2026-05-22T00:44:52.646673+00:00,eval_v1,v1,deepseek/deepseek-v4-flash,False,20240609151500-318,1075,519,4.57,ok,False,
2026-05-22T00:44:52.610051+00:00,eval_v1,v1,deepseek/deepseek-v4-flash,False,20240611030000-971,1226,700,5.806,ok,False,
2026-05-22T00:44:35.686336+00:00,eval_v1,v1,deepseek/deepseek-v4-flash,False,20240225154500-186,1193,788,23.844,ok,False,
2026-05-22T00:44:52.331451+00:00,eval_v1,v1,deepseek/deepseek-v4-flash,False,20240613083000-822,1224,847,7.492,ok,False,
2026-05-22T00:44:56.648977+00:00,eval_v1,v1,deepseek/deepseek-v4-flash,False,20240623100000-608,1171,108,3.925,ok,False,
2026-05-22T00:44:58.416871+00:00,eval_v1,v1,deepseek/deepseek-v4-flash,False,20240624050000-918,1217,103,2.886,ok,False,
2026-05-22T00:45:00.575483+00:00,eval_v1,v1,deepseek/deepseek-v4-flash,False,20240520151500-270,1262,108,2.788,ok,False,
2026-05-22T00:44:56.548394+00:00,eval_v1,v1,deepseek/deepseek-v4-flash,False,20240626031500-334,1271,794,7.093,ok,False,
2026-05-22T00:44:57.217493+00:00,eval_v1,v1,deepseek/deepseek-v4-flash,False,20240620073000-463,1215,759,6.73,ok,False,
2026-05-22T00:44:59.823857+00:00,eval_v1,v1,deepseek/deepseek-v4-flash,False,20240520151500-1380,1271,104,4.318,ok,False,
2026-05-22T00:44:53.582402+00:00,eval_v1,v1,deepseek/deepseek-v4-flash,False,20240622123000-19,1196,89,10.746,ok,False,
2026-05-22T00:44:59.531044+00:00,eval_v1,v1,deepseek/deepseek-v4-flash,False,20240518181500-350,1217,513,5.011,ok,False,
2026-05-22T00:44:56.618797+00:00,eval_v1,v1,deepseek/deepseek-v4-flash,False,20240624123000-925,1194,319,8.431,ok,False,
2026-05-22T00:45:03.948847+00:00,eval_v1,v1,deepseek/deepseek-v4-flash,False,20240508213000-451,1276,104,3.888,ok,False,
2026-05-22T00:45:01.304190+00:00,eval_v1,v1,deepseek/deepseek-v4-flash,False,20240520101500-1164,1179,569,8.679,ok,False,
2026-05-22T00:45:04.329008+00:00,eval_v1,v1,deepseek/deepseek-v4-flash,False,20240507063000-270,1243,777,5.796,ok,False,
2026-05-22T00:45:04.143092+00:00,eval_v1,v1,deepseek/deepseek-v4-flash,False,20240506151500-831,1235,579,7.134,ok,False,
2026-05-22T00:45:03.363806+00:00,eval_v1,v1,deepseek/deepseek-v4-flash,False,20240517140000-872,1251,660,8.288,ok,False,
2026-05-22T00:45:05.051250+00:00,eval_v1,v1,deepseek/deepseek-v4-flash,False,20240508180000-2095,1148,397,8.067,ok,False,
2026-05-22T00:45:07.837462+00:00,eval_v1,v1,deepseek/deepseek-v4-flash,False,20240514154500-1256,1140,536,5.304,ok,False,
2026-05-22T00:45:11.278386+00:00,eval_v1,v1,deepseek/deepseek-v4-flash,False,20240526154500-389,1099,81,3.125,ok,False,
2026-05-22T00:45:11.652953+00:00,eval_v1,v1,deepseek/deepseek-v4-flash,False,20240528200000-439,1244,312,2.907,ok,False,
2026-05-22T00:45:04.542774+00:00,eval_v1,v1,deepseek/deepseek-v4-flash,False,20240502100000-1223,1211,113,10.292,ok,False,
2026-05-22T00:45:13.142392+00:00,eval_v1,v1,deepseek/deepseek-v4-flash,False,20240527074500-1089,1269,176,2.473,ok,False,
2026-05-22T00:45:09.983669+00:00,eval_v1,v1,deepseek/deepseek-v4-flash,False,20240524163000-678,1224,630,5.799,ok,False,
2026-05-22T00:45:14.404169+00:00,eval_v1,v1,deepseek/deepseek-v4-flash,False,20240616184500-527,1247,88,2.119,ok,False,
2026-05-22T00:45:13.118813+00:00,eval_v1,v1,deepseek/deepseek-v4-flash,False,20240529161500-1430,1184,421,4.931,ok,False,
2026-05-22T00:45:14.560751+00:00,eval_v1,v1,deepseek/deepseek-v4-flash,False,20240616180000-576,1260,95,3.724,ok,False,
2026-05-22T00:45:14.836175+00:00,eval_v1,v1,deepseek/deepseek-v4-flash,False,20240608021500-87,1201,869,6.857,ok,False,
2026-05-22T00:45:10.126002+00:00,eval_v1,v1,deepseek/deepseek-v4-flash,False,20240531070000-642,1210,935,11.721,ok,False,
2026-05-22T00:45:16.524151+00:00,eval_v1,v1,deepseek/deepseek-v4-flash,False,20240610133000-1265,1218,599,6.101,ok,False,
2026-05-22T00:45:15.616095+00:00,eval_v1,v1,deepseek/deepseek-v4-flash,False,20240606183000-5,1261,633,7.691,ok,False,
2026-05-22T00:45:18.285760+00:00,eval_v1,v1,deepseek/deepseek-v4-flash,False,20240620054500-910,1233,844,6.321,ok,False,
2026-05-22T00:45:22.625650+00:00,eval_v1,v1,deepseek/deepseek-v4-flash,False,20240622100000-420,1316,333,3.438,ok,False,
2026-05-22T00:45:23.308575+00:00,eval_v1,v1,deepseek/deepseek-v4-flash,False,20240626204500-351,1215,97,3.021,ok,False,
2026-05-22T00:45:18.050920+00:00,eval_v1,v1,deepseek/deepseek-v4-flash,False,20240628073000-449,1223,1138,9.04,ok,False,
2026-05-22T00:45:24.607578+00:00,eval_v1,v1,deepseek/deepseek-v4-flash,False,20240520164500-870,1236,92,3.051,ok,False,
2026-05-22T00:45:27.659561+00:00,eval_v1,v1,deepseek/deepseek-v4-flash,False,20240517181500-1725,1199,89,1.979,ok,False,
2026-05-22T00:45:26.064529+00:00,eval_v1,v1,deepseek/deepseek-v4-flash,False,20240515073000-153,1203,444,4.252,ok,False,
2026-05-22T00:45:21.848185+00:00,eval_v1,v1,deepseek/deepseek-v4-flash,False,20240624123000-1202,1239,842,9.729,ok,False,
2026-05-22T00:45:26.330098+00:00,eval_v1,v1,deepseek/deepseek-v4-flash,False,20240520124500-304,1241,1025,7.318,parse_error,False,Expecting value: line 1 column 1 (char 0)
2026-05-22T00:45:27.091398+00:00,eval_v1,v1,deepseek/deepseek-v4-flash,False,20240520130000-1544,1243,630,6.764,ok,False,
2026-05-22T00:45:31.577967+00:00,eval_v1,v1,deepseek/deepseek-v4-flash,False,20240503010000-267,1231,62,4.172,ok,False,
2026-05-22T00:45:29.640418+00:00,eval_v1,v1,deepseek/deepseek-v4-flash,False,20240517160000-1244,1256,341,7.066,ok,False,
2026-05-22T00:45:30.317653+00:00,eval_v1,v1,deepseek/deepseek-v4-flash,False,20240508164500-556,1284,590,7.532,ok,False,
2026-05-22T00:45:21.694217+00:00,eval_v1,v1,deepseek/deepseek-v4-flash,False,20240620144500-1015,1198,2293,16.287,ok,False,
2026-05-22T00:45:34.649000+00:00,eval_v1,v1,deepseek/deepseek-v4-flash,False,20240520124500-304,1241,501,4.417,ok,False,
2026-05-22T00:45:15.783555+00:00,eval_v1,v1,deepseek/deepseek-v4-flash,False,20240606151500-1908,1243,590,23.779,ok,False,
2026-05-22T00:45:37.850480+00:00,eval_v1,v1,deepseek/deepseek-v4-flash,False,20240513053000-683,1225,259,2.955,ok,False,
2026-05-22T00:45:36.707208+00:00,eval_v1,v1,deepseek/deepseek-v4-flash,False,20240513100000-568,1290,361,4.256,ok,False,
2026-05-22T00:45:33.856819+00:00,eval_v1,v1,deepseek/deepseek-v4-flash,False,20240509180000-898,1208,797,7.395,ok,False,
2026-05-22T00:45:39.563575+00:00,eval_v1,v1,deepseek/deepseek-v4-flash,False,20240531094500-623,1190,75,2.947,ok,False,
2026-05-22T00:45:37.981931+00:00,eval_v1,v1,deepseek/deepseek-v4-flash,False,20240604100000-318,1181,567,5.888,ok,False,
2026-05-22T00:45:41.253029+00:00,eval_v1,v1,deepseek/deepseek-v4-flash,False,20240527114500-559,1212,293,2.889,ok,False,
2026-05-22T00:45:39.066524+00:00,eval_v1,v1,deepseek/deepseek-v4-flash,False,20240602220000-723,1199,501,5.198,ok,False,
2026-05-22T00:45:40.963897+00:00,eval_v1,v1,deepseek/deepseek-v4-flash,False,20240529210000-812,1243,511,5.894,ok,False,
2026-05-22T00:45:42.511884+00:00,eval_v1,v1,deepseek/deepseek-v4-flash,False,20230307231500-299,1218,80,4.94,ok,False,
2026-05-22T00:45:46.859230+00:00,eval_v1,v1,deepseek/deepseek-v4-flash,False,20230324184500-791,1154,226,4.986,ok,False,
2026-05-22T00:45:44.265110+00:00,eval_v1,v1,deepseek/deepseek-v4-flash,False,20240524194500-1103,1230,708,8.175,ok,False,
2026-05-22T00:45:43.870423+00:00,eval_v1,v1,deepseek/deepseek-v4-flash,False,20220905180000-852,1101,559,8.688,ok,False,
2026-05-22T00:45:44.143111+00:00,eval_v1,v1,deepseek/deepseek-v4-flash,False,20220713174500-1120,1245,731,8.944,ok,False,
2026-05-22T00:45:40.806617+00:00,eval_v1,v1,deepseek/deepseek-v4-flash,False,20240531100000-1152,1248,1606,13.343,ok,False,
2026-05-22T00:45:47.452870+00:00,eval_v1,v1,deepseek/deepseek-v4-flash,False,20240524144500-644,1207,688,8.419,ok,False,
2026-05-22T00:45:52.559271+00:00,eval_v1,v1,deepseek/deepseek-v4-flash,False,20230315194500-159,1196,572,4.569,ok,False,
2026-05-22T00:45:03.641773+00:00,eval_v1,v1,deepseek/deepseek-v4-flash,False,20240520114500-847,1201,482,56.568,ok,False,
2026-05-22T00:45:52.441368+00:00,eval_v1,v1,deepseek/deepseek-v4-flash,False,20240314163000-863,1190,746,8.066,ok,False,
2026-05-22T00:45:53.088142+00:00,eval_v1,v1,deepseek/deepseek-v4-flash,False,20240429034500-278,1236,341,9.875,ok,False,
2026-05-22T00:45:35.750931+00:00,eval_v1,v1,deepseek/deepseek-v4-flash,False,20240429033000-863,1182,704,72.018,ok,False,
2026-05-22T00:45:51.846202+00:00,eval_v1,v1,deepseek/deepseek-v4-flash,False,20240602224500-116,1146,594,154.361,ok,False,
2026-05-22T00:49:25.943429+00:00,eval_v2,v2,deepseek/deepseek-v4-flash,False,20220901120000-1086,1297,419,4.733,ok,False,
2026-05-22T00:49:25.941704+00:00,eval_v2,v2,deepseek/deepseek-v4-flash,False,20220817090000-905,1455,521,5.288,ok,False,
2026-05-22T00:49:25.940416+00:00,eval_v2,v2,deepseek/deepseek-v4-flash,False,20220817130000-492,1384,393,5.754,ok,False,
2026-05-22T00:49:25.944979+00:00,eval_v2,v2,deepseek/deepseek-v4-flash,False,20220830093000-457,1416,413,5.946,ok,False,
2026-05-22T00:49:25.945095+00:00,eval_v2,v2,deepseek/deepseek-v4-flash,False,20220906060000-424,1467,584,6.25,ok,False,
2026-05-22T00:49:25.941585+00:00,eval_v2,v2,deepseek/deepseek-v4-flash,False,20220819170000-810,1472,590,6.371,ok,False,
2026-05-22T00:49:30.677243+00:00,eval_v2,v2,deepseek/deepseek-v4-flash,False,20220908083000-565,1447,299,3.023,ok,False,
2026-05-22T00:49:25.941427+00:00,eval_v2,v2,deepseek/deepseek-v4-flash,False,20220822223000-1202,1369,779,8.19,ok,False,
2026-05-22T00:49:32.195728+00:00,eval_v2,v2,deepseek/deepseek-v4-flash,False,20220731070000-516,1437,195,3.093,ok,False,
2026-05-22T00:49:25.941531+00:00,eval_v2,v2,deepseek/deepseek-v4-flash,False,20220819081500-848,1420,1025,10.671,parse_error,False,Expecting value: line 1 column 1 (char 0)
2026-05-22T00:49:31.891726+00:00,eval_v2,v2,deepseek/deepseek-v4-flash,False,20220905093000-1,1432,388,5.37,ok,False,
2026-05-22T00:49:35.289971+00:00,eval_v2,v2,deepseek/deepseek-v4-flash,False,20220726160000-336,1472,105,3.561,ok,False,
2026-05-22T00:49:32.313105+00:00,eval_v2,v2,deepseek/deepseek-v4-flash,False,20220726094500-172,1243,306,7.163,ok,False,
2026-05-22T00:49:31.695526+00:00,eval_v2,v2,deepseek/deepseek-v4-flash,False,20220902104500-1051,1423,682,9.185,ok,False,
2026-05-22T00:49:34.132101+00:00,eval_v2,v2,deepseek/deepseek-v4-flash,False,20220727060000-210,1380,538,6.769,ok,False,
2026-05-22T00:49:38.852136+00:00,eval_v2,v2,deepseek/deepseek-v4-flash,False,20220713094500-845,1506,262,3.002,ok,False,
2026-05-22T00:49:37.262224+00:00,eval_v2,v2,deepseek/deepseek-v4-flash,False,20220727064500-317,1288,416,4.989,ok,False,
2026-05-22T00:49:31.230831+00:00,eval_v2,v2,deepseek/deepseek-v4-flash,False,20220901063000-821,1259,1024,11.039,parse_error,False,Unterminated string starting at: line 5 column 16 (char 94)
2026-05-22T00:49:39.477392+00:00,eval_v2,v2,deepseek/deepseek-v4-flash,False,20220724103000-482,1280,683,6.367,ok,False,
2026-05-22T00:49:40.881446+00:00,eval_v2,v2,deepseek/deepseek-v4-flash,False,20220725081500-40,1303,314,5.156,ok,False,
2026-05-22T00:49:41.855187+00:00,eval_v2,v2,deepseek/deepseek-v4-flash,False,20220715040000-615,1282,350,4.917,ok,False,
2026-05-22T00:49:33.701115+00:00,eval_v2,v2,deepseek/deepseek-v4-flash,False,20220726223000-1514,1464,994,13.284,ok,False,
2026-05-22T00:49:37.614072+00:00,eval_v2,v2,deepseek/deepseek-v4-flash,False,20220819081500-848,1420,815,10.155,ok,False,
2026-05-22T00:49:43.270960+00:00,eval_v2,v2,deepseek/deepseek-v4-flash,False,20220901063000-821,1259,341,4.763,ok,False,
2026-05-22T00:49:42.252214+00:00,eval_v2,v2,deepseek/deepseek-v4-flash,False,20220719030000-327,1463,795,5.874,ok,False,
2026-05-22T00:49:46.038584+00:00,eval_v2,v2,deepseek/deepseek-v4-flash,False,20220815110000-231,1454,343,4.515,ok,False,
2026-05-22T00:49:48.126798+00:00,eval_v2,v2,deepseek/deepseek-v4-flash,False,20220819001500-96,1479,398,3.943,ok,False,
2026-05-22T00:49:45.845521+00:00,eval_v2,v2,deepseek/deepseek-v4-flash,False,20220802153000-1593,1478,708,6.531,ok,False,
2026-05-22T00:49:48.034640+00:00,eval_v2,v2,deepseek/deepseek-v4-flash,False,20220808114500-736,1457,538,5.107,ok,False,
2026-05-22T00:49:46.986395+00:00,eval_v2,v2,deepseek/deepseek-v4-flash,False,20220809070000-796,1436,674,6.296,ok,False,
2026-05-22T00:49:47.769871+00:00,eval_v2,v2,deepseek/deepseek-v4-flash,False,20220816071500-575,1449,518,7.015,ok,False,
2026-05-22T00:49:40.901897+00:00,eval_v2,v2,deepseek/deepseek-v4-flash,False,20220712111500-1125,1470,1678,14.887,ok,False,
2026-05-22T00:49:50.555098+00:00,eval_v2,v2,deepseek/deepseek-v4-flash,False,20220824173000-628,1453,249,6.368,ok,False,
2026-05-22T00:49:52.071073+00:00,eval_v2,v2,deepseek/deepseek-v4-flash,False,20220819234500-955,1399,422,6.491,ok,False,
2026-05-22T00:49:54.785263+00:00,eval_v2,v2,deepseek/deepseek-v4-flash,False,20220902054500-567,1378,412,3.799,ok,False,
2026-05-22T00:49:53.142294+00:00,eval_v2,v2,deepseek/deepseek-v4-flash,False,20220830204500-1313,1519,458,7.01,ok,False,
2026-05-22T00:49:56.924129+00:00,eval_v2,v2,deepseek/deepseek-v4-flash,False,20220908150000-1248,1453,402,3.72,ok,False,
2026-05-22T00:49:52.377361+00:00,eval_v2,v2,deepseek/deepseek-v4-flash,False,20220827200000-400,1477,217,8.743,ok,False,
2026-05-22T00:49:53.283654+00:00,eval_v2,v2,deepseek/deepseek-v4-flash,False,20220817170000-1351,1385,688,8.165,ok,False,
2026-05-22T00:49:55.790412+00:00,eval_v2,v2,deepseek/deepseek-v4-flash,False,20220905153000-1100,1438,553,6.742,ok,False,
2026-05-22T00:50:00.153575+00:00,eval_v2,v2,deepseek/deepseek-v4-flash,False,20220831090000-1081,1302,217,3.086,ok,False,
2026-05-22T00:50:01.121742+00:00,eval_v2,v2,deepseek/deepseek-v4-flash,False,20220801231500-838,1450,404,3.56,ok,False,
2026-05-22T00:49:58.584757+00:00,eval_v2,v2,deepseek/deepseek-v4-flash,False,20220905190000-845,1380,591,6.65,ok,False,
2026-05-22T00:50:00.644579+00:00,eval_v2,v2,deepseek/deepseek-v4-flash,False,20220801174500-899,1500,322,5.073,ok,False,
2026-05-22T00:49:58.562888+00:00,eval_v2,v2,deepseek/deepseek-v4-flash,False,20220901224500-451,1444,754,8.222,ok,False,
2026-05-22T00:50:03.239923+00:00,eval_v2,v2,deepseek/deepseek-v4-flash,False,20220726210000-1713,1446,77,3.773,ok,False,
2026-05-22T00:50:01.449493+00:00,eval_v2,v2,deepseek/deepseek-v4-flash,False,20220730064500-178,1423,545,6.607,ok,False,
2026-05-22T00:50:02.533655+00:00,eval_v2,v2,deepseek/deepseek-v4-flash,False,20220731194500-562,1420,472,5.935,ok,False,
2026-05-22T00:50:05.235510+00:00,eval_v2,v2,deepseek/deepseek-v4-flash,False,20220712173000-919,1439,323,4.26,ok,False,
2026-05-22T00:50:07.014204+00:00,eval_v2,v2,deepseek/deepseek-v4-flash,False,20220725113000-1055,1379,89,3.085,ok,False,
2026-05-22T00:50:04.682683+00:00,eval_v2,v2,deepseek/deepseek-v4-flash,False,20220729204500-361,1453,430,5.864,ok,False,
2026-05-22T00:50:06.785410+00:00,eval_v2,v2,deepseek/deepseek-v4-flash,False,20220717201500-613,1359,92,3.991,ok,False,
2026-05-22T00:50:05.718345+00:00,eval_v2,v2,deepseek/deepseek-v4-flash,False,20220722223000-621,1476,523,6.497,ok,False,
2026-05-22T00:50:08.057492+00:00,eval_v2,v2,deepseek/deepseek-v4-flash,False,20220714231500-1030,1438,446,4.226,ok,False,
2026-05-22T00:50:08.469948+00:00,eval_v2,v2,deepseek/deepseek-v4-flash,False,20220722151500-1483,1465,519,5.782,ok,False,
2026-05-22T00:50:09.496575+00:00,eval_v2,v2,deepseek/deepseek-v4-flash,False,20220804070000-141,1458,72,6.783,ok,False,
2026-05-22T00:50:10.546935+00:00,eval_v2,v2,deepseek/deepseek-v4-flash,False,20220815001500-457,1390,460,6.264,ok,False,
2026-05-22T00:50:10.777738+00:00,eval_v2,v2,deepseek/deepseek-v4-flash,False,20220804114500-1454,1409,354,6.282,ok,False,
2026-05-22T00:50:10.100168+00:00,eval_v2,v2,deepseek/deepseek-v4-flash,False,20220807103000-261,1389,728,7.525,ok,False,
2026-05-22T00:50:12.285109+00:00,eval_v2,v2,deepseek/deepseek-v4-flash,False,20220814040000-184,1356,320,5.367,ok,False,
2026-05-22T00:49:46.773372+00:00,eval_v2,v2,deepseek/deepseek-v4-flash,False,20220816134500-167,1368,212,32.365,ok,False,
2026-05-22T00:50:12.215883+00:00,eval_v2,v2,deepseek/deepseek-v4-flash,False,20220812094500-758,1430,721,7.666,ok,False,
2026-05-22T00:50:17.625928+00:00,eval_v2,v2,deepseek/deepseek-v4-flash,False,20230318091500-312,1478,338,3.665,ok,False,
2026-05-22T00:50:16.280118+00:00,eval_v2,v2,deepseek/deepseek-v4-flash,False,20230308193000-1627,1520,312,5.418,ok,False,
2026-05-22T00:50:16.811363+00:00,eval_v2,v2,deepseek/deepseek-v4-flash,False,20230306114500-432,1468,88,5.15,ok,False,
2026-05-22T00:50:17.652761+00:00,eval_v2,v2,deepseek/deepseek-v4-flash,False,20230312203000-323,1458,459,4.562,ok,False,
2026-05-22T00:50:17.060247+00:00,eval_v2,v2,deepseek/deepseek-v4-flash,False,20230318124500-265,1365,98,5.943,ok,False,
2026-05-22T00:50:14.253472+00:00,eval_v2,v2,deepseek/deepseek-v4-flash,False,20230318053000-52,1411,825,9.223,ok,False,
2026-05-22T00:50:21.698908+00:00,eval_v2,v2,deepseek/deepseek-v4-flash,False,20230320133000-1135,1414,225,2.412,ok,False,
2026-05-22T00:50:22.215948+00:00,eval_v2,v2,deepseek/deepseek-v4-flash,False,20230323210000-1297,1395,106,4.136,ok,False,
2026-05-22T00:50:21.291765+00:00,eval_v2,v2,deepseek/deepseek-v4-flash,False,20230327151500-1344,1444,336,5.27,ok,False,
2026-05-22T00:50:19.139139+00:00,eval_v2,v2,deepseek/deepseek-v4-flash,False,20230326054500-809,1370,548,8.097,ok,False,
2026-05-22T00:50:21.962078+00:00,eval_v2,v2,deepseek/deepseek-v4-flash,False,20230320053000-590,1400,348,6.356,ok,False,
2026-05-22T00:50:23.004122+00:00,eval_v2,v2,deepseek/deepseek-v4-flash,False,20230217081500-320,1411,564,7.524,ok,False,
2026-05-22T00:50:26.562364+00:00,eval_v2,v2,deepseek/deepseek-v4-flash,False,20230217074500-382,1425,96,3.992,ok,False,
2026-05-22T00:50:26.353036+00:00,eval_v2,v2,deepseek/deepseek-v4-flash,False,20230216114500-692,1472,444,4.49,ok,False,
2026-05-22T00:50:19.882292+00:00,eval_v2,v2,deepseek/deepseek-v4-flash,False,20230323210000-1965,1407,463,11.093,ok,False,
2026-05-22T00:50:27.237370+00:00,eval_v2,v2,deepseek/deepseek-v4-flash,False,20230215181500-127,1385,96,4.515,ok,False,
2026-05-22T00:50:23.477150+00:00,eval_v2,v2,deepseek/deepseek-v4-flash,False,20230213191500-1419,1433,449,10.488,ok,False,
2026-05-22T00:50:24.111798+00:00,eval_v2,v2,deepseek/deepseek-v4-flash,False,20230215153000-757,1391,523,9.931,ok,False,
2026-05-22T00:50:28.318460+00:00,eval_v2,v2,deepseek/deepseek-v4-flash,False,20230208130000-619,1488,438,7.758,ok,False,
2026-05-22T00:50:30.976065+00:00,eval_v2,v2,deepseek/deepseek-v4-flash,False,20230203124500-65,1400,369,5.269,ok,False,
2026-05-22T00:50:30.528704+00:00,eval_v2,v2,deepseek/deepseek-v4-flash,False,20230208170000-723,1504,458,5.724,ok,False,
2026-05-22T00:50:33.965986+00:00,eval_v2,v2,deepseek/deepseek-v4-flash,False,20230226224500-4,1467,100,2.906,ok,False,
2026-05-22T00:50:30.555501+00:00,eval_v2,v2,deepseek/deepseek-v4-flash,False,20230208033000-627,1309,645,8.116,ok,False,
2026-05-22T00:50:30.844155+00:00,eval_v2,v2,deepseek/deepseek-v4-flash,False,20230130063000-462,1426,580,8.12,ok,False,
2026-05-22T00:50:36.246320+00:00,eval_v2,v2,deepseek/deepseek-v4-flash,False,20230226194500-418,1439,205,2.722,ok,False,
2026-05-22T00:50:36.077390+00:00,eval_v2,v2,deepseek/deepseek-v4-flash,False,20230301090000-781,1481,213,3.211,ok,False,
2026-05-22T00:50:36.873603+00:00,eval_v2,v2,deepseek/deepseek-v4-flash,False,20230303060000-277,1399,112,2.657,ok,False,
2026-05-22T00:50:36.253980+00:00,eval_v2,v2,deepseek/deepseek-v4-flash,False,20230301180000-470,1426,341,3.774,ok,False,
2026-05-22T00:50:34.043699+00:00,eval_v2,v2,deepseek/deepseek-v4-flash,False,20230222144500-72,1414,345,7.442,ok,False,
2026-05-22T00:50:38.673226+00:00,eval_v2,v2,deepseek/deepseek-v4-flash,False,20230313061500-394,1413,97,3.822,ok,False,
2026-05-22T00:50:39.531664+00:00,eval_v2,v2,deepseek/deepseek-v4-flash,False,20230316171500-198,1385,95,3.075,ok,False,
2026-05-22T00:50:38.969602+00:00,eval_v2,v2,deepseek/deepseek-v4-flash,False,20230305181500-412,1458,355,4.417,ok,False,
2026-05-22T00:50:38.965138+00:00,eval_v2,v2,deepseek/deepseek-v4-flash,False,20230314110000-830,1384,448,5.312,ok,False,
2026-05-22T00:50:40.028337+00:00,eval_v2,v2,deepseek/deepseek-v4-flash,False,20230316214500-645,1434,442,5.544,ok,False,
2026-05-22T00:50:43.387802+00:00,eval_v2,v2,deepseek/deepseek-v4-flash,False,20230324131500-2565,1452,239,4.051,ok,False,
2026-05-22T00:50:42.607575+00:00,eval_v2,v2,deepseek/deepseek-v4-flash,False,20230324080000-2010,1397,327,5.064,ok,False,
2026-05-22T00:50:41.486176+00:00,eval_v2,v2,deepseek/deepseek-v4-flash,False,20230325084500-239,1418,608,7.969,ok,False,
2026-05-22T00:50:44.278476+00:00,eval_v2,v2,deepseek/deepseek-v4-flash,False,20230324191500-1387,1255,304,5.263,ok,False,
2026-05-22T00:50:45.573056+00:00,eval_v2,v2,deepseek/deepseek-v4-flash,False,20230319101500-514,1379,312,4.368,ok,False,
2026-05-22T00:50:47.672584+00:00,eval_v2,v2,deepseek/deepseek-v4-flash,False,20230215154500-1567,1424,498,6.174,ok,False,
2026-05-22T00:50:49.942830+00:00,eval_v2,v2,deepseek/deepseek-v4-flash,False,20230215081500-127,1348,293,4.293,ok,False,
2026-05-22T00:50:49.456077+00:00,eval_v2,v2,deepseek/deepseek-v4-flash,False,20230217173000-1150,1400,480,5.584,ok,False,
2026-05-22T00:50:49.542835+00:00,eval_v2,v2,deepseek/deepseek-v4-flash,False,20230215171500-1053,1404,700,7.575,ok,False,
2026-05-22T00:50:39.288998+00:00,eval_v2,v2,deepseek/deepseek-v4-flash,False,20230307123000-217,1404,519,18.185,ok,False,
2026-05-22T00:50:55.041767+00:00,eval_v2,v2,deepseek/deepseek-v4-flash,False,20230206171500-229,1357,308,3.555,ok,False,
2026-05-22T00:50:57.475218+00:00,eval_v2,v2,deepseek/deepseek-v4-flash,False,20230129064500-587,1428,314,4.531,ok,False,
2026-05-22T00:50:57.118850+00:00,eval_v2,v2,deepseek/deepseek-v4-flash,False,20230202144500-44,1369,133,5.298,ok,False,
2026-05-22T00:50:58.597669+00:00,eval_v2,v2,deepseek/deepseek-v4-flash,False,20230203173000-77,1414,197,4.595,ok,False,
2026-05-22T00:50:53.847253+00:00,eval_v2,v2,deepseek/deepseek-v4-flash,False,20230216130000-1095,1468,781,10.949,ok,False,
2026-05-22T00:51:02.417761+00:00,eval_v2,v2,deepseek/deepseek-v4-flash,False,20230222173000-512,1463,257,3.504,ok,False,
2026-05-22T00:51:02.007351+00:00,eval_v2,v2,deepseek/deepseek-v4-flash,False,20230209234500-346,1443,333,5.155,ok,False,
2026-05-22T00:51:04.797581+00:00,eval_v2,v2,deepseek/deepseek-v4-flash,False,20230218083000-419,1425,254,3.339,ok,False,
2026-05-22T00:51:03.193712+00:00,eval_v2,v2,deepseek/deepseek-v4-flash,False,20230223183000-859,1434,425,5.449,ok,False,
2026-05-22T00:51:08.137150+00:00,eval_v2,v2,deepseek/deepseek-v4-flash,False,20230304140000-16,1462,81,2.159,ok,False,
2026-05-22T00:50:31.753445+00:00,eval_v2,v2,deepseek/deepseek-v4-flash,False,20230126184500-1687,1424,1024,39.635,parse_error,False,Unterminated string starting at: line 5 column 16 (char 93)
2026-05-22T00:51:08.643251+00:00,eval_v2,v2,deepseek/deepseek-v4-flash,False,20240409150000-1494,1330,454,4.859,ok,False,
2026-05-22T00:51:10.296597+00:00,eval_v2,v2,deepseek/deepseek-v4-flash,False,20240403024500-258,1389,286,3.762,ok,False,
2026-05-22T00:50:42.496478+00:00,eval_v2,v2,deepseek/deepseek-v4-flash,False,20230319181500-74,1389,359,32.916,ok,False,
2026-05-22T00:51:07.162848+00:00,eval_v2,v2,deepseek/deepseek-v4-flash,False,20230220071500-238,1467,687,9.013,ok,False,
2026-05-22T00:51:05.923102+00:00,eval_v2,v2,deepseek/deepseek-v4-flash,False,20230220103000-273,1465,1004,11.399,ok,False,
2026-05-22T00:51:16.176978+00:00,eval_v2,v2,deepseek/deepseek-v4-flash,False,20240402060000-1067,1455,77,2.999,ok,False,
2026-05-22T00:51:12.390038+00:00,eval_v2,v2,deepseek/deepseek-v4-flash,False,20230126184500-1687,1424,827,6.924,ok,False,
2026-05-22T00:51:13.503509+00:00,eval_v2,v2,deepseek/deepseek-v4-flash,False,20240412134500-1029,1442,489,6.59,ok,False,
2026-05-22T00:51:14.059198+00:00,eval_v2,v2,deepseek/deepseek-v4-flash,False,20240402130000-331,1451,539,6.942,ok,False,
2026-05-22T00:51:17.323055+00:00,eval_v2,v2,deepseek/deepseek-v4-flash,False,20240418091500-281,1503,369,5.413,ok,False,
2026-05-22T00:51:22.736853+00:00,eval_v2,v2,deepseek/deepseek-v4-flash,False,20240418124500-1333,1411,321,4.017,ok,False,
2026-05-22T00:51:19.176564+00:00,eval_v2,v2,deepseek/deepseek-v4-flash,False,20240422130000-213,1438,524,7.956,ok,False,
2026-05-22T00:51:21.001595+00:00,eval_v2,v2,deepseek/deepseek-v4-flash,False,20240419161500-726,1467,77,6.792,ok,False,
2026-05-22T00:51:19.314983+00:00,eval_v2,v2,deepseek/deepseek-v4-flash,False,20240415173000-1764,1404,655,8.997,ok,False,
2026-05-22T00:51:20.094456+00:00,eval_v2,v2,deepseek/deepseek-v4-flash,False,20240422130000-1630,1412,87,8.799,ok,False,
2026-05-22T00:51:27.132928+00:00,eval_v2,v2,deepseek/deepseek-v4-flash,False,20240314214500-1793,1296,66,3.3,ok,False,
2026-05-22T00:51:27.794109+00:00,eval_v2,v2,deepseek/deepseek-v4-flash,False,20240315060000-911,1466,97,3.811,ok,False,
2026-05-22T00:51:26.754484+00:00,eval_v2,v2,deepseek/deepseek-v4-flash,False,20240316024500-663,1384,482,5.489,ok,False,
2026-05-22T00:51:28.313305+00:00,eval_v2,v2,deepseek/deepseek-v4-flash,False,20240316141500-921,1443,314,5.79,ok,False,
2026-05-22T00:51:32.244900+00:00,eval_v2,v2,deepseek/deepseek-v4-flash,False,20240223220000-224,1274,96,2.724,ok,False,
2026-05-22T00:51:31.605743+00:00,eval_v2,v2,deepseek/deepseek-v4-flash,False,20240301190000-1560,1443,453,3.885,ok,False,
2026-05-22T00:51:28.894556+00:00,eval_v2,v2,deepseek/deepseek-v4-flash,False,20240315113000-553,1428,776,8.276,ok,False,
2026-05-22T00:51:15.413294+00:00,eval_v2,v2,deepseek/deepseek-v4-flash,False,20240405090000-719,1463,297,22.313,ok,False,
2026-05-22T00:51:34.104041+00:00,eval_v2,v2,deepseek/deepseek-v4-flash,False,20240223130000-108,1374,356,4.426,ok,False,
2026-05-22T00:50:47.439497+00:00,eval_v2,v2,deepseek/deepseek-v4-flash,False,20230217191500-1401,1434,611,54.263,ok,False,
2026-05-22T00:51:37.171716+00:00,eval_v2,v2,deepseek/deepseek-v4-flash,False,20240229140000-561,1351,346,4.681,ok,False,
2026-05-22T00:51:37.726841+00:00,eval_v2,v2,deepseek/deepseek-v4-flash,False,20240321093000-59,1415,501,5.617,ok,False,
2026-05-22T00:51:38.530880+00:00,eval_v2,v2,deepseek/deepseek-v4-flash,False,20240327200000-0,1423,88,5.076,ok,False,
2026-05-22T00:51:35.491614+00:00,eval_v2,v2,deepseek/deepseek-v4-flash,False,20240228144500-1680,1364,838,8.755,ok,False,
2026-05-22T00:51:41.703001+00:00,eval_v2,v2,deepseek/deepseek-v4-flash,False,20240329131500-1086,1400,88,2.711,ok,False,
2026-05-22T00:50:54.236438+00:00,eval_v2,v2,deepseek/deepseek-v4-flash,False,20230208181500-257,1410,280,52.751,ok,False,
2026-05-22T00:51:44.247524+00:00,eval_v2,v2,deepseek/deepseek-v4-flash,False,20240409060000-811,1506,480,4.404,ok,False,
2026-05-22T00:51:43.608062+00:00,eval_v2,v2,deepseek/deepseek-v4-flash,False,20240331154500-533,1461,564,5.73,ok,False,
2026-05-22T00:51:44.415270+00:00,eval_v2,v2,deepseek/deepseek-v4-flash,False,20240402131500-757,1390,98,6.007,ok,False,
2026-05-22T00:51:43.344730+00:00,eval_v2,v2,deepseek/deepseek-v4-flash,False,20240328190000-471,1408,717,7.388,ok,False,
2026-05-22T00:51:41.853228+00:00,eval_v2,v2,deepseek/deepseek-v4-flash,False,20240327211500-1457,1406,510,9.169,ok,False,
2026-05-22T00:51:46.988985+00:00,eval_v2,v2,deepseek/deepseek-v4-flash,False,20240402153000-1461,1380,520,6.921,ok,False,
2026-05-22T00:51:48.652452+00:00,eval_v2,v2,deepseek/deepseek-v4-flash,False,20240404071500-649,1466,584,5.416,ok,False,
2026-05-22T00:51:49.338712+00:00,eval_v2,v2,deepseek/deepseek-v4-flash,False,20240411043000-1156,1403,108,5.453,ok,False,
2026-05-22T00:51:54.069771+00:00,eval_v2,v2,deepseek/deepseek-v4-flash,False,20240419120000-596,1397,64,2.596,ok,False,
2026-05-22T00:51:53.910741+00:00,eval_v2,v2,deepseek/deepseek-v4-flash,False,20240418040000-983,1427,75,4.864,ok,False,
2026-05-22T00:51:50.423150+00:00,eval_v2,v2,deepseek/deepseek-v4-flash,False,20240403094500-785,1456,915,8.683,ok,False,
2026-05-22T00:51:50.733325+00:00,eval_v2,v2,deepseek/deepseek-v4-flash,False,20240418140000-896,1367,776,8.713,ok,False,
2026-05-22T00:51:54.793235+00:00,eval_v2,v2,deepseek/deepseek-v4-flash,False,20240415161500-503,1413,616,7.613,ok,False,
2026-05-22T00:51:34.969857+00:00,eval_v2,v2,deepseek/deepseek-v4-flash,False,20240304123000-749,1417,531,27.629,ok,False,
2026-05-22T00:51:58.776381+00:00,eval_v2,v2,deepseek/deepseek-v4-flash,False,20240315083000-944,1394,402,5.463,ok,False,
2026-05-22T00:51:51.022838+00:00,eval_v2,v2,deepseek/deepseek-v4-flash,False,20240418100000-1127,1404,110,14.166,ok,False,
2026-05-22T00:51:59.447570+00:00,eval_v2,v2,deepseek/deepseek-v4-flash,False,20240316030000-786,1444,708,5.923,ok,False,
2026-05-22T00:51:56.666975+00:00,eval_v2,v2,deepseek/deepseek-v4-flash,False,20240417203000-1025,1516,739,10.113,ok,False,
2026-05-22T00:51:59.107398+00:00,eval_v2,v2,deepseek/deepseek-v4-flash,False,20240316224500-641,1414,533,7.674,ok,False,
2026-05-22T00:52:04.240464+00:00,eval_v2,v2,deepseek/deepseek-v4-flash,False,20240315213000-399,1391,287,3.189,ok,False,
2026-05-22T00:52:02.406837+00:00,eval_v2,v2,deepseek/deepseek-v4-flash,False,20240315133000-1167,1394,512,6.248,ok,False,
2026-05-22T00:52:05.189463+00:00,eval_v2,v2,deepseek/deepseek-v4-flash,False,20240225154500-186,1412,358,4.236,ok,False,
2026-05-22T00:52:02.599776+00:00,eval_v2,v2,deepseek/deepseek-v4-flash,False,20240315070000-939,1413,764,8.396,ok,False,
2026-05-22T00:52:06.785644+00:00,eval_v2,v2,deepseek/deepseek-v4-flash,False,20240307040000-399,1385,425,4.324,ok,False,
2026-05-22T00:52:05.371440+00:00,eval_v2,v2,deepseek/deepseek-v4-flash,False,20240227031500-879,1370,685,7.132,ok,False,
2026-05-22T00:52:08.657356+00:00,eval_v2,v2,deepseek/deepseek-v4-flash,False,20240307033000-1421,1403,573,6.105,ok,False,
2026-05-22T00:52:09.426733+00:00,eval_v2,v2,deepseek/deepseek-v4-flash,False,20240331090000-413,1432,525,5.786,ok,False,
2026-05-22T00:52:06.782048+00:00,eval_v2,v2,deepseek/deepseek-v4-flash,False,20240223130000-210,1432,857,8.712,ok,False,
2026-05-22T00:52:12.504440+00:00,eval_v2,v2,deepseek/deepseek-v4-flash,False,20240323101500-200,1486,419,4.986,ok,False,
2026-05-22T00:52:14.763582+00:00,eval_v2,v2,deepseek/deepseek-v4-flash,False,20240325183000-674,1394,86,2.798,ok,False,
2026-05-22T00:52:11.111189+00:00,eval_v2,v2,deepseek/deepseek-v4-flash,False,20240323094500-273,1414,392,7.007,ok,False,
2026-05-22T00:52:15.495148+00:00,eval_v2,v2,deepseek/deepseek-v4-flash,False,20240608121500-378,1422,275,2.767,ok,False,
2026-05-22T00:52:15.213153+00:00,eval_v2,v2,deepseek/deepseek-v4-flash,False,20240322103000-798,1429,345,3.969,ok,False,
2026-05-22T00:52:07.430693+00:00,eval_v2,v2,deepseek/deepseek-v4-flash,False,20240227153000-1248,1468,107,12.231,ok,False,
2026-05-22T00:52:10.997016+00:00,eval_v2,v2,deepseek/deepseek-v4-flash,False,20240322131500-1469,1527,791,9.157,ok,False,
2026-05-22T00:52:17.491636+00:00,eval_v2,v2,deepseek/deepseek-v4-flash,False,20240613083000-822,1421,71,3.344,ok,False,
2026-05-22T00:52:17.562668+00:00,eval_v2,v2,deepseek/deepseek-v4-flash,False,20240614141500-970,1419,363,3.937,ok,False,
2026-05-22T00:52:18.263488+00:00,eval_v2,v2,deepseek/deepseek-v4-flash,False,20240609151500-318,1272,106,3.605,ok,False,
2026-05-22T00:52:19.662319+00:00,eval_v2,v2,deepseek/deepseek-v4-flash,False,20240622123000-19,1397,358,3.252,ok,False,
2026-05-22T00:52:20.836255+00:00,eval_v2,v2,deepseek/deepseek-v4-flash,False,20240624123000-925,1393,305,4.418,ok,False,
2026-05-22T00:52:21.869309+00:00,eval_v2,v2,deepseek/deepseek-v4-flash,False,20240620073000-463,1414,282,3.981,ok,False,
2026-05-22T00:52:20.155534+00:00,eval_v2,v2,deepseek/deepseek-v4-flash,False,20240626031500-334,1468,180,7.007,ok,False,
2026-05-22T00:52:21.500399+00:00,eval_v2,v2,deepseek/deepseek-v4-flash,False,20240623100000-608,1372,685,5.664,ok,False,
2026-05-22T00:52:19.182925+00:00,eval_v2,v2,deepseek/deepseek-v4-flash,False,20240610103000-502,1425,614,8.182,ok,False,
2026-05-22T00:52:18.119152+00:00,eval_v2,v2,deepseek/deepseek-v4-flash,False,20240611030000-971,1423,948,10.51,ok,False,
2026-05-22T00:52:22.915077+00:00,eval_v2,v2,deepseek/deepseek-v4-flash,False,20240624050000-918,1416,91,5.949,ok,False,
2026-05-22T00:52:25.851333+00:00,eval_v2,v2,deepseek/deepseek-v4-flash,False,20240520151500-1380,1490,257,4.912,ok,False,
2026-05-22T00:52:27.164372+00:00,eval_v2,v2,deepseek/deepseek-v4-flash,False,20240520151500-270,1461,89,4.742,ok,False,
2026-05-22T00:52:27.365912+00:00,eval_v2,v2,deepseek/deepseek-v4-flash,False,20240517140000-872,1430,306,5.209,ok,False,
2026-05-22T00:52:30.764505+00:00,eval_v2,v2,deepseek/deepseek-v4-flash,False,20240506151500-831,1454,237,2.533,ok,False,
2026-05-22T00:52:27.168232+00:00,eval_v2,v2,deepseek/deepseek-v4-flash,False,20240520101500-1164,1380,608,6.399,ok,False,
2026-05-22T00:52:28.630504+00:00,eval_v2,v2,deepseek/deepseek-v4-flash,False,20240520114500-847,1400,410,5.952,ok,False,
2026-05-22T00:52:28.865528+00:00,eval_v2,v2,deepseek/deepseek-v4-flash,False,20240508213000-451,1495,504,6.14,ok,False,
2026-05-22T00:52:25.255495+00:00,eval_v2,v2,deepseek/deepseek-v4-flash,False,20240518181500-350,1416,1120,10.29,ok,False,
2026-05-22T00:52:31.907622+00:00,eval_v2,v2,deepseek/deepseek-v4-flash,False,20240507063000-270,1682,581,4.5,parse_error,False,Expecting value: line 1 column 1 (char 0)
2026-05-22T00:52:34.583427+00:00,eval_v2,v2,deepseek/deepseek-v4-flash,False,20240524163000-678,1423,65,2.118,ok,False,
2026-05-22T00:52:32.575775+00:00,eval_v2,v2,deepseek/deepseek-v4-flash,False,20240502100000-1223,1410,395,5.023,ok,False,
2026-05-22T00:52:35.006901+00:00,eval_v2,v2,deepseek/deepseek-v4-flash,False,20240531070000-642,1409,74,3.61,ok,False,
2026-05-22T00:52:35.546530+00:00,eval_v2,v2,deepseek/deepseek-v4-flash,False,20240526154500-389,1298,291,4.503,ok,False,
2026-05-22T00:52:38.617615+00:00,eval_v2,v2,deepseek/deepseek-v4-flash,False,20240527074500-1089,1448,225,3.299,ok,False,
2026-05-22T00:52:40.050756+00:00,eval_v2,v2,deepseek/deepseek-v4-flash,False,20240616184500-527,1446,78,3.457,ok,False,
2026-05-22T00:52:36.702428+00:00,eval_v2,v2,deepseek/deepseek-v4-flash,False,20240528200000-439,1441,82,9.866,ok,False,
2026-05-22T00:52:41.917951+00:00,eval_v2,v2,deepseek/deepseek-v4-flash,False,20240616180000-576,1459,78,5.24,ok,False,
2026-05-22T00:52:37.599333+00:00,eval_v2,v2,deepseek/deepseek-v4-flash,False,20240529161500-1430,1383,1100,10.717,ok,False,
2026-05-22T00:52:43.508947+00:00,eval_v2,v2,deepseek/deepseek-v4-flash,False,20240608021500-87,1420,466,4.969,ok,False,
2026-05-22T00:52:33.298068+00:00,eval_v2,v2,deepseek/deepseek-v4-flash,False,20240508180000-2095,1370,676,16.426,ok,False,
2026-05-22T00:52:37.408955+00:00,eval_v2,v2,deepseek/deepseek-v4-flash,False,20240507063000-270,1440,110,12.878,ok,False,
2026-05-22T00:52:47.159332+00:00,eval_v2,v2,deepseek/deepseek-v4-flash,False,20240606151500-1908,1444,359,4.09,ok,False,
2026-05-22T00:52:48.479414+00:00,eval_v2,v2,deepseek/deepseek-v4-flash,False,20240628073000-449,1424,467,4.087,ok,False,
2026-05-22T00:52:49.725128+00:00,eval_v2,v2,deepseek/deepseek-v4-flash,False,20240620054500-910,1432,93,4.222,ok,False,
2026-05-22T00:52:46.569907+00:00,eval_v2,v2,deepseek/deepseek-v4-flash,False,20240606183000-5,1460,627,7.764,ok,False,
2026-05-22T00:52:51.250586+00:00,eval_v2,v2,deepseek/deepseek-v4-flash,False,20240624123000-1202,1438,75,4.28,ok,False,
2026-05-22T00:51:30.433758+00:00,eval_v2,v2,deepseek/deepseek-v4-flash,False,20240316134500-321,1394,804,85.512,ok,False,
2026-05-22T00:52:50.287948+00:00,eval_v2,v2,deepseek/deepseek-v4-flash,False,20240620144500-1015,1395,67,5.754,ok,False,
2026-05-22T00:52:53.948307+00:00,eval_v2,v2,deepseek/deepseek-v4-flash,False,20240626204500-351,1416,384,3.834,ok,False,
2026-05-22T00:52:56.042743+00:00,eval_v2,v2,deepseek/deepseek-v4-flash,False,20240520130000-1544,1442,238,2.911,ok,False,
2026-05-22T00:52:48.317454+00:00,eval_v2,v2,deepseek/deepseek-v4-flash,False,20240610133000-1265,1415,605,10.653,ok,False,
2026-05-22T00:52:55.531449+00:00,eval_v2,v2,deepseek/deepseek-v4-flash,False,20240515073000-153,1400,293,3.461,ok,False,
2026-05-22T00:52:58.955180+00:00,eval_v2,v2,deepseek/deepseek-v4-flash,False,20240517160000-1244,1475,221,2.432,ok,False,
2026-05-22T00:52:58.993629+00:00,eval_v2,v2,deepseek/deepseek-v4-flash,False,20240503010000-267,1432,332,3.272,ok,False,
2026-05-22T00:52:57.783186+00:00,eval_v2,v2,deepseek/deepseek-v4-flash,False,20240517181500-1725,1398,96,5.39,ok,False,
2026-05-22T00:53:01.387575+00:00,eval_v2,v2,deepseek/deepseek-v4-flash,False,20240509180000-898,1407,354,4.18,ok,False,
2026-05-22T00:52:55.947210+00:00,eval_v2,v2,deepseek/deepseek-v4-flash,False,20240520124500-304,1440,1167,9.958,ok,False,
2026-05-22T00:53:03.173969+00:00,eval_v2,v2,deepseek/deepseek-v4-flash,False,20240513100000-568,1487,211,2.919,ok,False,
2026-05-22T00:53:02.267014+00:00,eval_v2,v2,deepseek/deepseek-v4-flash,False,20240429033000-863,1401,388,4.32,ok,False,
2026-05-22T00:53:05.568849+00:00,eval_v2,v2,deepseek/deepseek-v4-flash,False,20240513053000-683,1424,290,2.978,ok,False,
2026-05-22T00:53:06.094534+00:00,eval_v2,v2,deepseek/deepseek-v4-flash,False,20240602220000-723,1400,313,3.043,ok,False,
2026-05-22T00:53:08.547737+00:00,eval_v2,v2,deepseek/deepseek-v4-flash,False,20240531100000-1152,1465,127,2.162,ok,False,
2026-05-22T00:53:05.906425+00:00,eval_v2,v2,deepseek/deepseek-v4-flash,False,20240604100000-318,1380,398,4.904,ok,False,
2026-05-22T00:52:52.567588+00:00,eval_v2,v2,deepseek/deepseek-v4-flash,False,20240622100000-420,1513,291,21.179,ok,False,
2026-05-22T00:53:09.138619+00:00,eval_v2,v2,deepseek/deepseek-v4-flash,False,20240529210000-812,1442,110,5.808,ok,False,
2026-05-22T00:53:10.812114+00:00,eval_v2,v2,deepseek/deepseek-v4-flash,False,20230307231500-299,1419,410,4.256,ok,False,
2026-05-22T00:53:10.713870+00:00,eval_v2,v2,deepseek/deepseek-v4-flash,False,20240527114500-559,1409,575,4.686,ok,False,
2026-05-22T00:53:06.587642+00:00,eval_v2,v2,deepseek/deepseek-v4-flash,False,20240531094500-623,1389,907,11.286,ok,False,
2026-05-22T00:52:33.568447+00:00,eval_v2,v2,deepseek/deepseek-v4-flash,False,20240514154500-1256,1337,715,45.273,ok,False,
2026-05-22T00:53:14.947981+00:00,eval_v2,v2,deepseek/deepseek-v4-flash,False,20220713174500-1120,1444,95,4.868,ok,False,
2026-05-22T00:53:15.400907+00:00,eval_v2,v2,deepseek/deepseek-v4-flash,False,20230324184500-791,1353,448,4.662,ok,False,
2026-05-22T00:53:17.874805+00:00,eval_v2,v2,deepseek/deepseek-v4-flash,False,20240524144500-644,1406,263,4.713,ok,False,
2026-05-22T00:53:15.068823+00:00,eval_v2,v2,deepseek/deepseek-v4-flash,False,20240524194500-1103,1429,644,7.582,ok,False,
2026-05-22T00:53:19.816873+00:00,eval_v2,v2,deepseek/deepseek-v4-flash,False,20240314163000-863,1389,540,4.953,ok,False,
2026-05-22T00:53:20.064247+00:00,eval_v2,v2,deepseek/deepseek-v4-flash,False,20230315194500-159,1393,534,6.61,ok,False,
2026-05-22T00:53:22.589186+00:00,eval_v2,v2,deepseek/deepseek-v4-flash,False,20240429034500-278,1435,422,4.421,ok,False,
2026-05-22T00:53:18.842822+00:00,eval_v2,v2,deepseek/deepseek-v4-flash,False,20240602224500-116,1345,571,9.874,ok,False,
2026-05-22T00:52:58.971241+00:00,eval_v2,v2,deepseek/deepseek-v4-flash,False,20240508164500-556,1463,527,47.161,ok,False,
2026-05-22T00:52:54.334655+00:00,eval_v2,v2,deepseek/deepseek-v4-flash,False,20240520164500-870,1435,636,65.634,ok,False,
2026-05-22T00:53:13.748226+00:00,eval_v2,v2,deepseek/deepseek-v4-flash,False,20220905180000-852,1300,425,57.31,ok,False,
2026-05-22T00:55:52.531450+00:00,eval_v3,v3,deepseek/deepseek-v4-flash,False,20220817090000-905,1708,158,3.166,ok,False,
2026-05-22T00:55:52.525883+00:00,eval_v3,v3,deepseek/deepseek-v4-flash,False,20220817130000-492,1619,357,6.109,ok,False,
2026-05-22T00:55:52.529105+00:00,eval_v3,v3,deepseek/deepseek-v4-flash,False,20220901120000-1086,1550,399,6.533,ok,False,
2026-05-22T00:55:52.528845+00:00,eval_v3,v3,deepseek/deepseek-v4-flash,False,20220906060000-424,1720,379,6.874,ok,False,
2026-05-22T00:55:55.698843+00:00,eval_v3,v3,deepseek/deepseek-v4-flash,False,20220908083000-565,1682,514,4.449,ok,False,
2026-05-22T00:55:52.531282+00:00,eval_v3,v3,deepseek/deepseek-v4-flash,False,20220830093000-457,1631,600,9.361,ok,False,
2026-05-22T00:55:52.531378+00:00,eval_v3,v3,deepseek/deepseek-v4-flash,False,20220819170000-810,1725,753,9.366,ok,False,
2026-05-22T00:55:52.528964+00:00,eval_v3,v3,deepseek/deepseek-v4-flash,False,20220819081500-848,1655,742,10.941,ok,False,
2026-05-22T00:55:59.403968+00:00,eval_v3,v3,deepseek/deepseek-v4-flash,False,20220905093000-1,1687,254,5.349,ok,False,
2026-05-22T00:55:52.528428+00:00,eval_v3,v3,deepseek/deepseek-v4-flash,False,20220822223000-1202,1602,593,12.446,ok,False,
2026-05-22T00:56:01.897995+00:00,eval_v3,v3,deepseek/deepseek-v4-flash,False,20220726223000-1514,1699,74,3.564,ok,False,
2026-05-22T00:55:59.063524+00:00,eval_v3,v3,deepseek/deepseek-v4-flash,False,20220902104500-1051,1660,829,8.096,ok,False,
2026-05-22T00:55:58.636309+00:00,eval_v3,v3,deepseek/deepseek-v4-flash,False,20220901063000-821,1492,88,8.925,ok,False,
2026-05-22T00:56:04.975306+00:00,eval_v3,v3,deepseek/deepseek-v4-flash,False,20220727064500-317,1523,98,3.284,ok,False,
2026-05-22T00:56:04.754185+00:00,eval_v3,v3,deepseek/deepseek-v4-flash,False,20220726160000-336,1709,344,4.186,ok,False,
2026-05-22T00:56:07.159994+00:00,eval_v3,v3,deepseek/deepseek-v4-flash,False,20220724103000-482,1515,390,4.23,ok,False,
2026-05-22T00:56:07.562307+00:00,eval_v3,v3,deepseek/deepseek-v4-flash,False,20220725081500-40,1518,88,4.76,ok,False,
2026-05-22T00:56:00.149383+00:00,eval_v3,v3,deepseek/deepseek-v4-flash,False,20220731070000-516,1652,1125,12.651,ok,False,
2026-05-22T00:56:08.941238+00:00,eval_v3,v3,deepseek/deepseek-v4-flash,False,20220715040000-615,1515,85,4.159,ok,False,
2026-05-22T00:56:03.470726+00:00,eval_v3,v3,deepseek/deepseek-v4-flash,False,20220727060000-210,1615,556,10.066,ok,False,
2026-05-22T00:56:08.260248+00:00,eval_v3,v3,deepseek/deepseek-v4-flash,False,20220712111500-1125,1705,610,5.851,ok,False,
2026-05-22T00:56:14.112615+00:00,eval_v3,v3,deepseek/deepseek-v4-flash,False,20220816071500-575,1684,842,6.555,ok,False,
2026-05-22T00:56:12.801631+00:00,eval_v3,v3,deepseek/deepseek-v4-flash,False,20220815110000-231,1689,375,7.89,ok,False,
2026-05-22T00:56:12.323775+00:00,eval_v3,v3,deepseek/deepseek-v4-flash,False,20220802153000-1593,1711,734,10.243,ok,False,
2026-05-22T00:56:13.100795+00:00,eval_v3,v3,deepseek/deepseek-v4-flash,False,20220816134500-167,1623,164,10.897,ok,False,
2026-05-22T00:56:20.669168+00:00,eval_v3,v3,deepseek/deepseek-v4-flash,False,20220808114500-736,1692,85,3.478,ok,False,
2026-05-22T00:56:20.692373+00:00,eval_v3,v3,deepseek/deepseek-v4-flash,False,20220819001500-96,1712,89,3.599,ok,False,
2026-05-22T00:56:13.537639+00:00,eval_v3,v3,deepseek/deepseek-v4-flash,False,20220809070000-796,1669,972,11.169,ok,False,
2026-05-22T00:56:22.568122+00:00,eval_v3,v3,deepseek/deepseek-v4-flash,False,20220824173000-628,1690,288,2.567,ok,False,
2026-05-22T00:56:11.390771+00:00,eval_v3,v3,deepseek/deepseek-v4-flash,False,20220719030000-327,1696,283,14.188,ok,False,
2026-05-22T00:56:24.148350+00:00,eval_v3,v3,deepseek/deepseek-v4-flash,False,20220827200000-400,1692,315,3.897,ok,False,
2026-05-22T00:56:23.999084+00:00,eval_v3,v3,deepseek/deepseek-v4-flash,False,20220819234500-955,1634,79,5.772,ok,False,
2026-05-22T00:56:25.136560+00:00,eval_v3,v3,deepseek/deepseek-v4-flash,False,20220902054500-567,1593,504,5.375,ok,False,
2026-05-22T00:56:25.579630+00:00,eval_v3,v3,deepseek/deepseek-v4-flash,False,20220905153000-1100,1675,696,6.739,ok,False,
2026-05-22T00:56:24.708442+00:00,eval_v3,v3,deepseek/deepseek-v4-flash,False,20220817170000-1351,1640,630,7.719,ok,False,
2026-05-22T00:56:05.462768+00:00,eval_v3,v3,deepseek/deepseek-v4-flash,False,20220713094500-845,1739,330,29.959,ok,False,
2026-05-22T00:56:29.772277+00:00,eval_v3,v3,deepseek/deepseek-v4-flash,False,20220901224500-451,1681,700,6.419,ok,False,
2026-05-22T00:56:32.428839+00:00,eval_v3,v3,deepseek/deepseek-v4-flash,False,20220801174500-899,1755,219,4.523,ok,False,
2026-05-22T00:56:30.511849+00:00,eval_v3,v3,deepseek/deepseek-v4-flash,False,20220905190000-845,1615,785,6.749,ok,False,
2026-05-22T00:56:24.292157+00:00,eval_v3,v3,deepseek/deepseek-v4-flash,False,20220830204500-1313,1754,109,13.178,ok,False,
2026-05-22T00:56:32.319464+00:00,eval_v3,v3,deepseek/deepseek-v4-flash,False,20220831090000-1081,1535,407,5.677,ok,False,
2026-05-22T00:56:35.422112+00:00,eval_v3,v3,deepseek/deepseek-v4-flash,False,20220801231500-838,1685,261,2.876,ok,False,
2026-05-22T00:56:37.471353+00:00,eval_v3,v3,deepseek/deepseek-v4-flash,False,20220729204500-361,1688,74,1.906,ok,False,
2026-05-22T00:56:28.046326+00:00,eval_v3,v3,deepseek/deepseek-v4-flash,False,20220908150000-1248,1668,1274,11.465,ok,False,
2026-05-22T00:56:37.262310+00:00,eval_v3,v3,deepseek/deepseek-v4-flash,False,20220726210000-1713,1681,94,2.853,ok,False,
2026-05-22T00:56:37.997666+00:00,eval_v3,v3,deepseek/deepseek-v4-flash,False,20220712173000-919,1654,124,3.594,ok,False,
2026-05-22T00:56:39.512589+00:00,eval_v3,v3,deepseek/deepseek-v4-flash,False,20220725113000-1055,1614,113,3.405,ok,False,
2026-05-22T00:56:38.298895+00:00,eval_v3,v3,deepseek/deepseek-v4-flash,False,20220722223000-621,1713,347,4.815,ok,False,
2026-05-22T00:56:36.192772+00:00,eval_v3,v3,deepseek/deepseek-v4-flash,False,20220730064500-178,1658,701,7.57,ok,False,
2026-05-22T00:56:36.953559+00:00,eval_v3,v3,deepseek/deepseek-v4-flash,False,20220731194500-562,1655,455,8.245,ok,False,
2026-05-22T00:56:40.116224+00:00,eval_v3,v3,deepseek/deepseek-v4-flash,False,20220714231500-1030,1671,326,5.482,ok,False,
2026-05-22T00:56:42.918835+00:00,eval_v3,v3,deepseek/deepseek-v4-flash,False,20220804070000-141,1693,342,4.467,ok,False,
2026-05-22T00:56:39.378743+00:00,eval_v3,v3,deepseek/deepseek-v4-flash,False,20220717201500-613,1594,708,8.421,ok,False,
2026-05-22T00:56:45.199781+00:00,eval_v3,v3,deepseek/deepseek-v4-flash,False,20220804114500-1454,1624,90,3.098,ok,False,
2026-05-22T00:56:41.592760+00:00,eval_v3,v3,deepseek/deepseek-v4-flash,False,20220722151500-1483,1682,772,6.818,ok,False,
2026-05-22T00:56:43.115263+00:00,eval_v3,v3,deepseek/deepseek-v4-flash,False,20220807103000-261,1624,761,6.759,ok,False,
2026-05-22T00:56:47.387105+00:00,eval_v3,v3,deepseek/deepseek-v4-flash,False,20220814040000-184,1571,118,3.257,ok,False,
2026-05-22T00:56:49.875240+00:00,eval_v3,v3,deepseek/deepseek-v4-flash,False,20230318124500-265,1600,85,3.743,ok,False,
2026-05-22T00:56:43.764571+00:00,eval_v3,v3,deepseek/deepseek-v4-flash,False,20220815001500-457,1623,99,10.01,ok,False,
2026-05-22T00:56:45.599381+00:00,eval_v3,v3,deepseek/deepseek-v4-flash,False,20220812094500-758,1663,351,8.189,ok,False,
2026-05-22T00:56:48.299310+00:00,eval_v3,v3,deepseek/deepseek-v4-flash,False,20230308193000-1627,1735,791,8.481,ok,False,
2026-05-22T00:56:48.411569+00:00,eval_v3,v3,deepseek/deepseek-v4-flash,False,20230306114500-432,1703,106,9.457,ok,False,
2026-05-22T00:56:53.775211+00:00,eval_v3,v3,deepseek/deepseek-v4-flash,False,20230326054500-809,1605,487,4.946,ok,False,
2026-05-22T00:56:47.801116+00:00,eval_v3,v3,deepseek/deepseek-v4-flash,False,20230318053000-52,1646,1191,11.677,ok,False,
2026-05-22T00:56:50.645269+00:00,eval_v3,v3,deepseek/deepseek-v4-flash,False,20230318091500-312,1711,350,9.482,ok,False,
2026-05-22T00:56:53.619324+00:00,eval_v3,v3,deepseek/deepseek-v4-flash,False,20230312203000-323,1693,330,6.585,ok,False,
2026-05-22T00:56:53.789715+00:00,eval_v3,v3,deepseek/deepseek-v4-flash,False,20230323210000-1965,1642,302,7.084,ok,False,
2026-05-22T00:56:57.869868+00:00,eval_v3,v3,deepseek/deepseek-v4-flash,False,20230320133000-1135,1647,94,4.757,ok,False,
2026-05-22T00:57:00.874314+00:00,eval_v3,v3,deepseek/deepseek-v4-flash,False,20230215153000-757,1626,445,4.523,ok,False,
2026-05-22T00:56:59.479833+00:00,eval_v3,v3,deepseek/deepseek-v4-flash,False,20230323210000-1297,1632,481,6.018,ok,False,
2026-05-22T00:57:00.205412+00:00,eval_v3,v3,deepseek/deepseek-v4-flash,False,20230213191500-1419,1670,566,7.372,ok,False,
2026-05-22T00:56:56.781264+00:00,eval_v3,v3,deepseek/deepseek-v4-flash,False,20230327151500-1344,1702,421,10.972,ok,False,
2026-05-22T00:56:58.721843+00:00,eval_v3,v3,deepseek/deepseek-v4-flash,False,20230320053000-590,1637,821,10.081,ok,False,
2026-05-22T00:57:00.127983+00:00,eval_v3,v3,deepseek/deepseek-v4-flash,False,20230217081500-320,1646,784,8.818,ok,False,
2026-05-22T00:57:02.627763+00:00,eval_v3,v3,deepseek/deepseek-v4-flash,False,20230216114500-692,1707,607,7.877,ok,False,
2026-05-22T00:57:05.399048+00:00,eval_v3,v3,deepseek/deepseek-v4-flash,False,20230217074500-382,1660,507,5.313,ok,False,
2026-05-22T00:57:07.577993+00:00,eval_v3,v3,deepseek/deepseek-v4-flash,False,20230208130000-619,1743,424,5.525,ok,False,
2026-05-22T00:57:08.947105+00:00,eval_v3,v3,deepseek/deepseek-v4-flash,False,20230130063000-462,1661,460,4.433,ok,False,
2026-05-22T00:57:08.804338+00:00,eval_v3,v3,deepseek/deepseek-v4-flash,False,20230208033000-627,1544,377,4.897,ok,False,
2026-05-22T00:57:10.712925+00:00,eval_v3,v3,deepseek/deepseek-v4-flash,False,20230126184500-1687,1659,97,3.948,ok,False,
2026-05-22T00:57:13.380685+00:00,eval_v3,v3,deepseek/deepseek-v4-flash,False,20230222144500-72,1651,451,4.02,ok,False,
2026-05-22T00:57:14.662140+00:00,eval_v3,v3,deepseek/deepseek-v4-flash,False,20230226194500-418,1654,401,4.084,ok,False,
2026-05-22T00:57:10.505197+00:00,eval_v3,v3,deepseek/deepseek-v4-flash,False,20230203124500-65,1653,609,8.581,ok,False,
2026-05-22T00:57:07.753849+00:00,eval_v3,v3,deepseek/deepseek-v4-flash,False,20230208170000-723,1719,327,13.058,ok,False,
2026-05-22T00:57:17.401871+00:00,eval_v3,v3,deepseek/deepseek-v4-flash,False,20230301180000-470,1659,467,6.259,ok,False,
2026-05-22T00:57:13.104134+00:00,eval_v3,v3,deepseek/deepseek-v4-flash,False,20230226224500-4,1722,752,13.513,ok,False,
2026-05-22T00:57:20.813125+00:00,eval_v3,v3,deepseek/deepseek-v4-flash,False,20230314110000-830,1617,602,7.511,ok,False,
2026-05-22T00:57:18.746912+00:00,eval_v3,v3,deepseek/deepseek-v4-flash,False,20230303060000-277,1634,378,10.489,ok,False,
2026-05-22T00:57:23.661343+00:00,eval_v3,v3,deepseek/deepseek-v4-flash,False,20230305181500-412,1673,572,6.036,ok,False,
2026-05-22T00:57:29.698130+00:00,eval_v3,v3,deepseek/deepseek-v4-flash,False,20230325084500-239,1653,309,2.988,ok,False,
2026-05-22T00:57:26.618012+00:00,eval_v3,v3,deepseek/deepseek-v4-flash,False,20230307123000-217,1639,633,7.714,ok,False,
2026-05-22T00:57:29.236894+00:00,eval_v3,v3,deepseek/deepseek-v4-flash,False,20230316214500-645,1669,104,7.585,ok,False,
2026-05-22T00:57:05.498271+00:00,eval_v3,v3,deepseek/deepseek-v4-flash,False,20230215181500-127,1620,363,31.427,ok,False,
2026-05-22T00:57:28.324853+00:00,eval_v3,v3,deepseek/deepseek-v4-flash,False,20230316171500-198,1640,507,9.161,ok,False,
2026-05-22T00:57:32.687332+00:00,eval_v3,v3,deepseek/deepseek-v4-flash,False,20230319181500-74,1624,420,6.041,ok,False,
2026-05-22T00:57:34.332883+00:00,eval_v3,v3,deepseek/deepseek-v4-flash,False,20230324080000-2010,1634,504,5.028,ok,False,
2026-05-22T00:57:36.823170+00:00,eval_v3,v3,deepseek/deepseek-v4-flash,False,20230324131500-2565,1687,96,4.943,ok,False,
2026-05-22T00:57:38.729258+00:00,eval_v3,v3,deepseek/deepseek-v4-flash,False,20230217191500-1401,1669,91,3.984,ok,False,
2026-05-22T00:57:36.926422+00:00,eval_v3,v3,deepseek/deepseek-v4-flash,False,20230324191500-1387,1492,576,6.61,ok,False,
2026-05-22T00:57:42.714586+00:00,eval_v3,v3,deepseek/deepseek-v4-flash,False,20230215171500-1053,1639,84,2.595,ok,False,
2026-05-22T00:57:41.766615+00:00,eval_v3,v3,deepseek/deepseek-v4-flash,False,20230217173000-1150,1637,339,4.21,ok,False,
2026-05-22T00:57:39.362124+00:00,eval_v3,v3,deepseek/deepseek-v4-flash,False,20230215154500-1567,1659,452,6.753,ok,False,
2026-05-22T00:57:43.537483+00:00,eval_v3,v3,deepseek/deepseek-v4-flash,False,20230215081500-127,1581,464,4.888,ok,False,
2026-05-22T00:57:45.310761+00:00,eval_v3,v3,deepseek/deepseek-v4-flash,False,20230216130000-1095,1705,301,3.562,ok,False,
2026-05-22T00:57:37.486814+00:00,eval_v3,v3,deepseek/deepseek-v4-flash,False,20230319101500-514,1612,339,13.609,ok,False,
2026-05-22T00:57:46.116184+00:00,eval_v3,v3,deepseek/deepseek-v4-flash,False,20230206171500-229,1592,758,6.783,ok,False,
2026-05-22T00:57:48.873395+00:00,eval_v3,v3,deepseek/deepseek-v4-flash,False,20230129064500-587,1663,288,5.076,ok,False,
2026-05-22T00:57:51.096449+00:00,eval_v3,v3,deepseek/deepseek-v4-flash,False,20230203173000-77,1629,100,4.101,ok,False,
2026-05-22T00:57:45.977138+00:00,eval_v3,v3,deepseek/deepseek-v4-flash,False,20230208181500-257,1647,1192,11.432,ok,False,
2026-05-22T00:57:48.425857+00:00,eval_v3,v3,deepseek/deepseek-v4-flash,False,20230202144500-44,1604,849,10.128,ok,False,
2026-05-22T00:57:53.950539+00:00,eval_v3,v3,deepseek/deepseek-v4-flash,False,20230222173000-512,1696,378,5.395,ok,False,
2026-05-22T00:57:19.087625+00:00,eval_v3,v3,deepseek/deepseek-v4-flash,False,20230313061500-394,1648,495,42.333,ok,False,
2026-05-22T00:57:57.410151+00:00,eval_v3,v3,deepseek/deepseek-v4-flash,False,20230218083000-419,1640,90,4.504,ok,False,
2026-05-22T00:57:52.899498+00:00,eval_v3,v3,deepseek/deepseek-v4-flash,False,20230209234500-346,1678,1025,9.286,parse_error,False,Expecting value: line 1 column 1 (char 0)
2026-05-22T00:57:55.198367+00:00,eval_v3,v3,deepseek/deepseek-v4-flash,False,20230223183000-859,1649,542,7.52,ok,False,
2026-05-22T00:57:13.702683+00:00,eval_v3,v3,deepseek/deepseek-v4-flash,False,20230301090000-781,1714,658,49.091,ok,False,
2026-05-22T00:58:01.914751+00:00,eval_v3,v3,deepseek/deepseek-v4-flash,False,20240409150000-1494,1565,93,2.76,ok,False,
2026-05-22T00:57:59.346208+00:00,eval_v3,v3,deepseek/deepseek-v4-flash,False,20230220071500-238,1682,374,5.613,ok,False,
2026-05-22T00:58:01.422188+00:00,eval_v3,v3,deepseek/deepseek-v4-flash,False,20230304140000-16,1697,85,3.65,ok,False,
2026-05-22T00:58:04.959717+00:00,eval_v3,v3,deepseek/deepseek-v4-flash,False,20240405090000-719,1698,80,1.137,ok,False,
2026-05-22T00:57:58.554941+00:00,eval_v3,v3,deepseek/deepseek-v4-flash,False,20230220103000-273,1698,850,9.858,ok,False,
2026-05-22T00:58:04.675880+00:00,eval_v3,v3,deepseek/deepseek-v4-flash,False,20240402130000-331,1688,373,4.158,ok,False,
2026-05-22T00:58:02.796708+00:00,eval_v3,v3,deepseek/deepseek-v4-flash,False,20240412134500-1029,1675,651,7.189,ok,False,
2026-05-22T00:58:05.072509+00:00,eval_v3,v3,deepseek/deepseek-v4-flash,False,20240402060000-1067,1690,476,6.087,ok,False,
2026-05-22T00:58:03.187436+00:00,eval_v3,v3,deepseek/deepseek-v4-flash,False,20230209234500-346,1678,789,8.204,ok,False,
2026-05-22T00:58:02.718941+00:00,eval_v3,v3,deepseek/deepseek-v4-flash,False,20240403024500-258,1606,877,9.911,ok,False,
2026-05-22T00:58:06.098023+00:00,eval_v3,v3,deepseek/deepseek-v4-flash,False,20240418091500-281,1756,173,6.689,ok,False,
2026-05-22T00:58:11.392166+00:00,eval_v3,v3,deepseek/deepseek-v4-flash,False,20240418124500-1333,1644,67,2.79,ok,False,
2026-05-22T00:58:09.986928+00:00,eval_v3,v3,deepseek/deepseek-v4-flash,False,20240422130000-1630,1647,373,4.459,ok,False,
2026-05-22T00:58:11.160439+00:00,eval_v3,v3,deepseek/deepseek-v4-flash,False,20240419161500-726,1702,103,3.62,ok,False,
2026-05-22T00:58:12.631272+00:00,eval_v3,v3,deepseek/deepseek-v4-flash,False,20240316024500-663,1619,100,2.904,ok,False,
2026-05-22T00:58:12.787859+00:00,eval_v3,v3,deepseek/deepseek-v4-flash,False,20240314214500-1793,1533,795,6.312,ok,False,
2026-05-22T00:58:08.834656+00:00,eval_v3,v3,deepseek/deepseek-v4-flash,False,20240415173000-1764,1639,1119,12.897,ok,False,
2026-05-22T00:58:08.414082+00:00,eval_v3,v3,deepseek/deepseek-v4-flash,False,20240422130000-213,1673,963,13.817,ok,False,
2026-05-22T00:58:15.535807+00:00,eval_v3,v3,deepseek/deepseek-v4-flash,False,20240316134500-321,1631,679,7.578,ok,False,
2026-05-22T00:58:21.732747+00:00,eval_v3,v3,deepseek/deepseek-v4-flash,False,20240223220000-224,1509,469,4.593,ok,False,
2026-05-22T00:58:19.100480+00:00,eval_v3,v3,deepseek/deepseek-v4-flash,False,20240301190000-1560,1678,850,7.251,ok,False,
2026-05-22T00:58:23.115242+00:00,eval_v3,v3,deepseek/deepseek-v4-flash,False,20240304123000-749,1652,104,3.347,ok,False,
2026-05-22T00:56:01.893299+00:00,eval_v3,v3,deepseek/deepseek-v4-flash,False,20220726094500-172,1478,318,144.786,ok,False,
2026-05-22T00:58:22.232322+00:00,eval_v3,v3,deepseek/deepseek-v4-flash,False,20240223130000-108,1609,480,4.646,ok,False,
2026-05-22T00:58:26.878961+00:00,eval_v3,v3,deepseek/deepseek-v4-flash,False,20240329131500-1086,1635,89,3.329,ok,False,
2026-05-22T00:58:26.352873+00:00,eval_v3,v3,deepseek/deepseek-v4-flash,False,20240229140000-561,1566,109,4.165,ok,False,
2026-05-22T00:58:14.183150+00:00,eval_v3,v3,deepseek/deepseek-v4-flash,False,20240315060000-911,1701,820,16.419,ok,False,
2026-05-22T00:58:26.327055+00:00,eval_v3,v3,deepseek/deepseek-v4-flash,False,20240228144500-1680,1599,717,6.124,ok,False,
2026-05-22T00:58:26.680287+00:00,eval_v3,v3,deepseek/deepseek-v4-flash,False,20240327200000-0,1658,683,6.141,ok,False,
2026-05-22T00:58:30.603223+00:00,eval_v3,v3,deepseek/deepseek-v4-flash,False,20240331154500-533,1714,301,3.94,ok,False,
2026-05-22T00:58:32.451952+00:00,eval_v3,v3,deepseek/deepseek-v4-flash,False,20240409060000-811,1741,82,2.688,ok,False,
2026-05-22T00:58:32.822214+00:00,eval_v3,v3,deepseek/deepseek-v4-flash,False,20240402131500-757,1627,604,4.839,ok,False,
2026-05-22T00:58:30.209207+00:00,eval_v3,v3,deepseek/deepseek-v4-flash,False,20240327211500-1457,1641,629,7.495,ok,False,
2026-05-22T00:58:30.519154+00:00,eval_v3,v3,deepseek/deepseek-v4-flash,False,20240328190000-471,1643,867,7.38,ok,False,
2026-05-22T00:58:26.463424+00:00,eval_v3,v3,deepseek/deepseek-v4-flash,False,20240321093000-59,1670,1024,12.115,parse_error,False,Unterminated string starting at: line 5 column 16 (char 93)
2026-05-22T00:58:34.544560+00:00,eval_v3,v3,deepseek/deepseek-v4-flash,False,20240402153000-1461,1615,482,6.193,ok,False,
2026-05-22T00:58:37.662466+00:00,eval_v3,v3,deepseek/deepseek-v4-flash,False,20240411043000-1156,1638,91,4.492,ok,False,
2026-05-22T00:58:35.141479+00:00,eval_v3,v3,deepseek/deepseek-v4-flash,False,20240404071500-649,1701,716,7.324,ok,False,
2026-05-22T00:58:40.738117+00:00,eval_v3,v3,deepseek/deepseek-v4-flash,False,20240418100000-1127,1659,212,2.978,ok,False,
2026-05-22T00:58:37.900055+00:00,eval_v3,v3,deepseek/deepseek-v4-flash,False,20240418140000-896,1604,696,6.36,ok,False,
2026-05-22T00:58:37.705323+00:00,eval_v3,v3,deepseek/deepseek-v4-flash,False,20240403094500-785,1689,830,7.788,ok,False,
2026-05-22T00:58:42.155544+00:00,eval_v3,v3,deepseek/deepseek-v4-flash,False,20240418040000-983,1664,279,3.539,ok,False,
2026-05-22T00:58:43.716665+00:00,eval_v3,v3,deepseek/deepseek-v4-flash,False,20240415161500-503,1628,97,3.665,ok,False,
2026-05-22T00:58:42.465883+00:00,eval_v3,v3,deepseek/deepseek-v4-flash,False,20240419120000-596,1634,604,6.019,ok,False,
2026-05-22T00:58:47.382533+00:00,eval_v3,v3,deepseek/deepseek-v4-flash,False,20240316030000-786,1677,112,2.863,ok,False,
2026-05-22T00:58:44.260514+00:00,eval_v3,v3,deepseek/deepseek-v4-flash,False,20240417203000-1025,1753,583,6.196,ok,False,
2026-05-22T00:58:39.579897+00:00,eval_v3,v3,deepseek/deepseek-v4-flash,False,20240321093000-59,1650,899,12.045,ok,False,
2026-05-22T00:58:45.494168+00:00,eval_v3,v3,deepseek/deepseek-v4-flash,False,20240315083000-944,1609,768,7.048,ok,False,
2026-05-22T00:58:45.695354+00:00,eval_v3,v3,deepseek/deepseek-v4-flash,False,20240316224500-641,1629,1025,8.664,parse_error,False,Expecting value: line 1 column 1 (char 0)
2026-05-22T00:58:50.246572+00:00,eval_v3,v3,deepseek/deepseek-v4-flash,False,20240315070000-939,1648,636,7.112,ok,False,
2026-05-22T00:58:51.626660+00:00,eval_v3,v3,deepseek/deepseek-v4-flash,False,20240225154500-186,1629,588,6.786,ok,False,
2026-05-22T00:58:52.543176+00:00,eval_v3,v3,deepseek/deepseek-v4-flash,False,20240227031500-879,1607,511,6.238,ok,False,
2026-05-22T00:58:58.781628+00:00,eval_v3,v3,deepseek/deepseek-v4-flash,False,20240227153000-1248,1705,414,4.832,ok,False,
2026-05-22T00:58:58.413655+00:00,eval_v3,v3,deepseek/deepseek-v4-flash,False,20240307040000-399,1638,584,6.188,ok,False,
2026-05-22T00:58:55.360733+00:00,eval_v3,v3,deepseek/deepseek-v4-flash,False,20240316224500-641,1629,1024,11.779,parse_error,False,Unterminated string starting at: line 5 column 16 (char 94)
2026-05-22T00:58:57.360337+00:00,eval_v3,v3,deepseek/deepseek-v4-flash,False,20240223130000-210,1669,1151,10.697,ok,False,
2026-05-22T00:59:03.614461+00:00,eval_v3,v3,deepseek/deepseek-v4-flash,False,20240307033000-1421,1636,578,6.435,ok,False,
2026-05-22T00:59:08.058448+00:00,eval_v3,v3,deepseek/deepseek-v4-flash,False,20240322131500-1469,1762,452,5.115,ok,False,
2026-05-22T00:59:10.050491+00:00,eval_v3,v3,deepseek/deepseek-v4-flash,False,20240323094500-273,1651,421,4.782,ok,False,
2026-05-22T00:59:13.174663+00:00,eval_v3,v3,deepseek/deepseek-v4-flash,False,20240323101500-200,1723,278,3.755,ok,False,
2026-05-22T00:59:14.832948+00:00,eval_v3,v3,deepseek/deepseek-v4-flash,False,20240325183000-674,1629,327,4.023,ok,False,
2026-05-22T00:59:18.857188+00:00,eval_v3,v3,deepseek/deepseek-v4-flash,False,20240608121500-378,1675,192,2.578,ok,False,
2026-05-22T00:59:21.436379+00:00,eval_v3,v3,deepseek/deepseek-v4-flash,False,20240613083000-822,1656,462,4.518,ok,False,
2026-05-22T00:59:04.602394+00:00,eval_v3,v3,deepseek/deepseek-v4-flash,False,20240331090000-413,1665,580,23.365,ok,False,
2026-05-22T00:59:16.930204+00:00,eval_v3,v3,deepseek/deepseek-v4-flash,False,20240322103000-798,1644,664,22.999,ok,False,
2026-05-22T00:59:25.955506+00:00,eval_v3,v3,deepseek/deepseek-v4-flash,False,20240614141500-970,1654,681,16.088,ok,False,
2026-05-22T00:58:14.781455+00:00,eval_v3,v3,deepseek/deepseek-v4-flash,False,20240315113000-553,1643,565,87.978,ok,False,
2026-05-22T00:59:39.930452+00:00,eval_v3,v3,deepseek/deepseek-v4-flash,False,20240609151500-318,1527,729,7.493,ok,False,
2026-05-22T00:59:42.044696+00:00,eval_v3,v3,deepseek/deepseek-v4-flash,False,20240610103000-502,1660,541,8.296,ok,False,
2026-05-22T00:59:42.760054+00:00,eval_v3,v3,deepseek/deepseek-v4-flash,False,20240622123000-19,1632,731,8.642,ok,False,
2026-05-22T00:59:47.425038+00:00,eval_v3,v3,deepseek/deepseek-v4-flash,False,20240626031500-334,1705,211,4.12,ok,False,
2026-05-22T00:59:50.342175+00:00,eval_v3,v3,deepseek/deepseek-v4-flash,False,20240624123000-925,1628,428,4.748,ok,False,
2026-05-22T00:58:50.457590+00:00,eval_v3,v3,deepseek/deepseek-v4-flash,False,20240315213000-399,1606,518,65.365,ok,False,
2026-05-22T00:59:51.545605+00:00,eval_v3,v3,deepseek/deepseek-v4-flash,False,20240620073000-463,1649,492,6.064,ok,False,
2026-05-22T00:59:51.402830+00:00,eval_v3,v3,deepseek/deepseek-v4-flash,False,20240623100000-608,1605,658,6.855,ok,False,
2026-05-22T00:59:55.090674+00:00,eval_v3,v3,deepseek/deepseek-v4-flash,False,20240624050000-918,1651,100,4.836,ok,False,
2026-05-22T00:59:55.823631+00:00,eval_v3,v3,deepseek/deepseek-v4-flash,False,20240518181500-350,1671,449,5.313,ok,False,
2026-05-22T00:59:57.610617+00:00,eval_v3,v3,deepseek/deepseek-v4-flash,False,20240520151500-1380,1705,306,4.216,ok,False,
2026-05-22T00:59:58.259146+00:00,eval_v3,v3,deepseek/deepseek-v4-flash,False,20240520151500-270,1696,321,4.188,ok,False,
2026-05-22T01:00:01.138093+00:00,eval_v3,v3,deepseek/deepseek-v4-flash,False,20240517140000-872,1665,56,2.534,ok,False,
2026-05-22T01:00:01.827571+00:00,eval_v3,v3,deepseek/deepseek-v4-flash,False,20240520114500-847,1635,108,2.614,ok,False,
2026-05-22T00:59:59.928035+00:00,eval_v3,v3,deepseek/deepseek-v4-flash,False,20240520101500-1164,1613,658,6.224,ok,False,
2026-05-22T01:00:03.673561+00:00,eval_v3,v3,deepseek/deepseek-v4-flash,False,20240506151500-831,1669,60,2.938,ok,False,
2026-05-22T00:58:48.485744+00:00,eval_v3,v3,deepseek/deepseek-v4-flash,False,20240315133000-1167,1629,1024,79.422,parse_error,False,Unterminated string starting at: line 5 column 16 (char 109)
2026-05-22T01:00:02.448141+00:00,eval_v3,v3,deepseek/deepseek-v4-flash,False,20240508213000-451,1710,587,9.094,ok,False,
2026-05-22T01:00:06.153014+00:00,eval_v3,v3,deepseek/deepseek-v4-flash,False,20240502100000-1223,1645,442,7.631,ok,False,
2026-05-22T01:00:06.612481+00:00,eval_v3,v3,deepseek/deepseek-v4-flash,False,20240508180000-2095,1584,621,7.241,ok,False,
2026-05-22T01:00:13.784606+00:00,eval_v3,v3,deepseek/deepseek-v4-flash,False,20240524163000-678,1658,67,3.51,ok,False,
2026-05-22T01:00:04.442876+00:00,eval_v3,v3,deepseek/deepseek-v4-flash,False,20240507063000-270,1675,1102,13.286,ok,False,
2026-05-22T01:00:13.854546+00:00,eval_v3,v3,deepseek/deepseek-v4-flash,False,20240531070000-642,1644,476,4.673,ok,False,
2026-05-22T01:00:11.543362+00:00,eval_v3,v3,deepseek/deepseek-v4-flash,False,20240514154500-1256,1592,602,7.178,ok,False,
2026-05-22T01:00:17.295208+00:00,eval_v3,v3,deepseek/deepseek-v4-flash,False,20240526154500-389,1535,341,4.588,ok,False,
2026-05-22T01:00:08.909022+00:00,eval_v3,v3,deepseek/deepseek-v4-flash,False,20240315133000-1167,1649,1168,13.576,ok,False,
2026-05-22T00:58:14.446426+00:00,eval_v3,v3,deepseek/deepseek-v4-flash,False,20240316141500-921,1658,830,128.781,ok,False,
2026-05-22T01:00:22.485891+00:00,eval_v3,v3,deepseek/deepseek-v4-flash,False,20240616180000-576,1694,89,2.164,ok,False,
2026-05-22T01:00:18.722241+00:00,eval_v3,v3,deepseek/deepseek-v4-flash,False,20240527074500-1089,1685,447,6.715,ok,False,
2026-05-22T01:00:21.883899+00:00,eval_v3,v3,deepseek/deepseek-v4-flash,False,20240616184500-527,1681,249,4.06,ok,False,
2026-05-22T01:00:24.650869+00:00,eval_v3,v3,deepseek/deepseek-v4-flash,False,20240606183000-5,1695,116,4.42,ok,False,
2026-05-22T01:00:18.528356+00:00,eval_v3,v3,deepseek/deepseek-v4-flash,False,20240529161500-1430,1638,564,11.278,ok,False,
2026-05-22T01:00:25.437694+00:00,eval_v3,v3,deepseek/deepseek-v4-flash,False,20240606151500-1908,1677,529,5.839,ok,False,
2026-05-22T01:00:25.945145+00:00,eval_v3,v3,deepseek/deepseek-v4-flash,False,20240610133000-1265,1652,606,8.061,ok,False,
2026-05-22T01:00:31.277876+00:00,eval_v3,v3,deepseek/deepseek-v4-flash,False,20240620144500-1015,1650,308,4.495,ok,False,
2026-05-22T00:59:09.141316+00:00,eval_v3,v3,deepseek/deepseek-v4-flash,False,20240316224500-641,1629,793,87.191,ok,False,
2026-05-22T01:00:29.071196+00:00,eval_v3,v3,deepseek/deepseek-v4-flash,False,20240628073000-449,1659,763,9.762,ok,False,
2026-05-22T01:00:34.007299+00:00,eval_v3,v3,deepseek/deepseek-v4-flash,False,20240624123000-1202,1675,440,6.156,ok,False,
2026-05-22T01:00:35.774424+00:00,eval_v3,v3,deepseek/deepseek-v4-flash,False,20240622100000-420,1748,585,5.98,ok,False,
2026-05-22T01:00:38.833896+00:00,eval_v3,v3,deepseek/deepseek-v4-flash,False,20240520164500-870,1670,622,6.908,ok,False,
2026-05-22T01:00:17.729568+00:00,eval_v3,v3,deepseek/deepseek-v4-flash,False,20240528200000-439,1676,498,28.054,ok,False,
2026-05-22T01:00:40.163899+00:00,eval_v3,v3,deepseek/deepseek-v4-flash,False,20240515073000-153,1637,723,8.587,ok,False,
2026-05-22T01:00:36.333611+00:00,eval_v3,v3,deepseek/deepseek-v4-flash,False,20240626204500-351,1649,601,17.465,ok,False,
2026-05-22T01:00:45.784291+00:00,eval_v3,v3,deepseek/deepseek-v4-flash,False,20240517181500-1725,1633,912,9.611,ok,False,
2026-05-22T01:00:48.751951+00:00,eval_v3,v3,deepseek/deepseek-v4-flash,False,20240517160000-1244,1690,676,7.506,ok,False,
2026-05-22T01:00:45.743280+00:00,eval_v3,v3,deepseek/deepseek-v4-flash,False,20240520130000-1544,1675,232,15.375,ok,False,
2026-05-22T01:00:41.755548+00:00,eval_v3,v3,deepseek/deepseek-v4-flash,False,20240520124500-304,1673,1077,24.312,ok,False,
2026-05-22T01:00:53.799273+00:00,eval_v3,v3,deepseek/deepseek-v4-flash,False,20240508164500-556,1718,480,12.29,ok,False,
2026-05-22T01:00:56.259122+00:00,eval_v3,v3,deepseek/deepseek-v4-flash,False,20240509180000-898,1642,668,11.962,ok,False,
2026-05-22T01:01:06.089915+00:00,eval_v3,v3,deepseek/deepseek-v4-flash,False,20240513053000-683,1659,302,4.792,ok,False,
2026-05-22T01:01:06.068860+00:00,eval_v3,v3,deepseek/deepseek-v4-flash,False,20240513100000-568,1742,494,5.331,ok,False,
2026-05-22T01:00:55.396509+00:00,eval_v3,v3,deepseek/deepseek-v4-flash,False,20240503010000-267,1665,616,24.974,ok,False,
2026-05-22T01:01:11.400486+00:00,eval_v3,v3,deepseek/deepseek-v4-flash,False,20240531094500-623,1626,518,9.948,ok,False,
2026-05-22T01:01:08.221763+00:00,eval_v3,v3,deepseek/deepseek-v4-flash,False,20240604100000-318,1617,834,13.871,ok,False,
2026-05-22T01:01:10.882888+00:00,eval_v3,v3,deepseek/deepseek-v4-flash,False,20240602220000-723,1633,800,13.947,ok,False,
2026-05-22T01:01:22.093195+00:00,eval_v3,v3,deepseek/deepseek-v4-flash,False,20240527114500-559,1646,399,6.267,ok,False,
2026-05-22T01:01:20.371909+00:00,eval_v3,v3,deepseek/deepseek-v4-flash,False,20240531100000-1152,1680,476,9.992,ok,False,
2026-05-22T01:01:24.830785+00:00,eval_v3,v3,deepseek/deepseek-v4-flash,False,20230307231500-299,1654,637,8.585,ok,False,
2026-05-22T01:01:28.362297+00:00,eval_v3,v3,deepseek/deepseek-v4-flash,False,20220905180000-852,1535,82,6.534,ok,False,
2026-05-22T01:01:33.416438+00:00,eval_v3,v3,deepseek/deepseek-v4-flash,False,20240524194500-1103,1684,523,11.598,ok,False,
2026-05-22T01:01:34.897357+00:00,eval_v3,v3,deepseek/deepseek-v4-flash,False,20230324184500-791,1590,838,12.26,ok,False,
2026-05-22T01:01:45.015077+00:00,eval_v3,v3,deepseek/deepseek-v4-flash,False,20240524144500-644,1641,457,4.41,ok,False,
2026-05-22T01:01:30.365077+00:00,eval_v3,v3,deepseek/deepseek-v4-flash,False,20220713174500-1120,1679,595,24.346,ok,False,
2026-05-22T01:01:47.158472+00:00,eval_v3,v3,deepseek/deepseek-v4-flash,False,20240602224500-116,1600,493,8.816,ok,False,
2026-05-22T01:00:29.807868+00:00,eval_v3,v3,deepseek/deepseek-v4-flash,False,20240620054500-910,1667,848,89.935,ok,False,
2026-05-22T01:01:54.711957+00:00,eval_v3,v3,deepseek/deepseek-v4-flash,False,20230315194500-159,1628,753,6.248,ok,False,
2026-05-22T01:01:55.975511+00:00,eval_v3,v3,deepseek/deepseek-v4-flash,False,20240429034500-278,1670,140,5.585,ok,False,
2026-05-22T01:01:49.426431+00:00,eval_v3,v3,deepseek/deepseek-v4-flash,False,20240314163000-863,1622,826,12.428,ok,False,
2026-05-22T01:00:23.228378+00:00,eval_v3,v3,deepseek/deepseek-v4-flash,False,20240608021500-87,1635,948,98.858,ok,False,
2026-05-22T00:59:27.967935+00:00,eval_v3,v3,deepseek/deepseek-v4-flash,False,20240611030000-971,1658,745,161.319,ok,False,
2026-05-22T01:01:01.118771+00:00,eval_v3,v3,deepseek/deepseek-v4-flash,False,20240429033000-863,1616,818,77.345,ok,False,
2026-05-22T01:01:21.349859+00:00,eval_v3,v3,deepseek/deepseek-v4-flash,False,20240529210000-812,1677,763,111.182,ok,False,
2026-05-22T01:04:27.602874+00:00,eval_v4,v4,deepseek/deepseek-v4-flash,False,20220819170000-810,1944,193,3.792,ok,False,
2026-05-22T01:04:27.599135+00:00,eval_v4,v4,deepseek/deepseek-v4-flash,False,20220817130000-492,1858,160,5.489,ok,False,
2026-05-22T01:04:27.603214+00:00,eval_v4,v4,deepseek/deepseek-v4-flash,False,20220901120000-1086,1749,500,5.921,ok,False,
2026-05-22T01:04:27.601168+00:00,eval_v4,v4,deepseek/deepseek-v4-flash,False,20220906060000-424,1919,548,6.786,ok,False,
2026-05-22T01:04:27.600954+00:00,eval_v4,v4,deepseek/deepseek-v4-flash,False,20220822223000-1202,1841,480,7.361,ok,False,
2026-05-22T01:04:27.603041+00:00,eval_v4,v4,deepseek/deepseek-v4-flash,False,20220819081500-848,1894,400,8.313,ok,False,
2026-05-22T01:04:27.600754+00:00,eval_v4,v4,deepseek/deepseek-v4-flash,False,20220817090000-905,1909,542,8.474,ok,False,
2026-05-22T01:04:33.088980+00:00,eval_v4,v4,deepseek/deepseek-v4-flash,False,20220901063000-821,1711,346,4.243,ok,False,
2026-05-22T01:04:31.395594+00:00,eval_v4,v4,deepseek/deepseek-v4-flash,False,20220908083000-565,1899,399,5.938,ok,False,
2026-05-22T01:04:33.525475+00:00,eval_v4,v4,deepseek/deepseek-v4-flash,False,20220902104500-1051,1877,99,5.196,ok,False,
2026-05-22T01:04:34.387664+00:00,eval_v4,v4,deepseek/deepseek-v4-flash,False,20220905093000-1,1886,473,5.534,ok,False,
2026-05-22T01:04:27.600847+00:00,eval_v4,v4,deepseek/deepseek-v4-flash,False,20220830093000-457,1852,871,13.769,ok,False,
2026-05-22T01:04:36.076209+00:00,eval_v4,v4,deepseek/deepseek-v4-flash,False,20220726223000-1514,1918,739,6.955,ok,False,
2026-05-22T01:04:35.917117+00:00,eval_v4,v4,deepseek/deepseek-v4-flash,False,20220726094500-172,1697,405,7.887,ok,False,
2026-05-22T01:04:38.722269+00:00,eval_v4,v4,deepseek/deepseek-v4-flash,False,20220727064500-317,1742,542,5.858,ok,False,
2026-05-22T01:04:39.922443+00:00,eval_v4,v4,deepseek/deepseek-v4-flash,False,20220713094500-845,1960,369,5.808,ok,False,
2026-05-22T01:04:37.336754+00:00,eval_v4,v4,deepseek/deepseek-v4-flash,False,20220726160000-336,1926,110,9.518,ok,False,
2026-05-22T01:04:43.804781+00:00,eval_v4,v4,deepseek/deepseek-v4-flash,False,20220712111500-1125,1922,82,3.993,ok,False,
2026-05-22T01:04:37.333767+00:00,eval_v4,v4,deepseek/deepseek-v4-flash,False,20220727060000-210,1834,1001,11.384,ok,False,
2026-05-22T01:04:41.371004+00:00,eval_v4,v4,deepseek/deepseek-v4-flash,False,20220724103000-482,1734,571,7.872,ok,False,
2026-05-22T01:04:46.855954+00:00,eval_v4,v4,deepseek/deepseek-v4-flash,False,20220802153000-1593,1930,118,3.516,ok,False,
2026-05-22T01:04:45.731923+00:00,eval_v4,v4,deepseek/deepseek-v4-flash,False,20220719030000-327,1915,356,5.207,ok,False,
2026-05-22T01:04:48.719035+00:00,eval_v4,v4,deepseek/deepseek-v4-flash,False,20220816134500-167,1822,70,4.317,ok,False,
2026-05-22T01:04:49.243904+00:00,eval_v4,v4,deepseek/deepseek-v4-flash,False,20220809070000-796,1888,562,6.0,ok,False,
2026-05-22T01:04:50.372783+00:00,eval_v4,v4,deepseek/deepseek-v4-flash,False,20220816071500-575,1923,557,5.444,ok,False,
2026-05-22T01:04:50.939771+00:00,eval_v4,v4,deepseek/deepseek-v4-flash,False,20220808114500-736,1911,700,8.409,ok,False,
2026-05-22T01:04:55.817600+00:00,eval_v4,v4,deepseek/deepseek-v4-flash,False,20220819234500-955,1873,449,5.212,ok,False,
2026-05-22T01:04:55.245210+00:00,eval_v4,v4,deepseek/deepseek-v4-flash,False,20220824173000-628,1907,533,6.63,ok,False,
2026-05-22T01:04:59.349752+00:00,eval_v4,v4,deepseek/deepseek-v4-flash,False,20220827200000-400,1913,333,4.783,ok,False,
2026-05-22T01:04:47.799452+00:00,eval_v4,v4,deepseek/deepseek-v4-flash,False,20220815110000-231,1908,350,17.67,ok,False,
2026-05-22T01:04:44.581363+00:00,eval_v4,v4,deepseek/deepseek-v4-flash,False,20220715040000-615,1736,656,21.253,ok,False,
2026-05-22T01:05:01.875953+00:00,eval_v4,v4,deepseek/deepseek-v4-flash,False,20220817170000-1351,1859,337,5.955,ok,False,
2026-05-22T01:05:04.134164+00:00,eval_v4,v4,deepseek/deepseek-v4-flash,False,20220902054500-567,1832,208,3.888,ok,False,
2026-05-22T01:05:05.470209+00:00,eval_v4,v4,deepseek/deepseek-v4-flash,False,20220905153000-1100,1892,457,4.313,ok,False,
2026-05-22T01:04:34.962990+00:00,eval_v4,v4,deepseek/deepseek-v4-flash,False,20220731070000-516,1871,409,35.693,ok,False,
2026-05-22T01:04:43.032444+00:00,eval_v4,v4,deepseek/deepseek-v4-flash,False,20220725081500-40,1737,255,28.576,parse_error,False,Expecting value: line 1 column 1 (char 0)
2026-05-22T01:05:01.030432+00:00,eval_v4,v4,deepseek/deepseek-v4-flash,False,20220830204500-1313,1973,1111,10.61,ok,False,
2026-05-22T01:05:10.656579+00:00,eval_v4,v4,deepseek/deepseek-v4-flash,False,20220801174500-899,1974,214,2.883,ok,False,
2026-05-22T01:05:09.784826+00:00,eval_v4,v4,deepseek/deepseek-v4-flash,False,20220831090000-1081,1754,270,4.358,ok,False,
2026-05-22T01:05:11.641759+00:00,eval_v4,v4,deepseek/deepseek-v4-flash,False,20220801231500-838,1904,219,2.736,ok,False,
2026-05-22T01:05:05.836062+00:00,eval_v4,v4,deepseek/deepseek-v4-flash,False,20220908150000-1248,1887,938,12.17,ok,False,
2026-05-22T01:05:13.540492+00:00,eval_v4,v4,deepseek/deepseek-v4-flash,False,20220730064500-178,1875,102,4.85,ok,False,
2026-05-22T01:05:07.831404+00:00,eval_v4,v4,deepseek/deepseek-v4-flash,False,20220901224500-451,1900,700,10.636,ok,False,
2026-05-22T01:05:08.023383+00:00,eval_v4,v4,deepseek/deepseek-v4-flash,False,20220905190000-845,1836,878,11.289,ok,False,
2026-05-22T01:05:14.378696+00:00,eval_v4,v4,deepseek/deepseek-v4-flash,False,20220726210000-1713,1920,518,6.152,ok,False,
2026-05-22T01:05:14.144552+00:00,eval_v4,v4,deepseek/deepseek-v4-flash,False,20220731194500-562,1894,659,7.126,ok,False,
2026-05-22T01:05:18.392335+00:00,eval_v4,v4,deepseek/deepseek-v4-flash,False,20220712173000-919,1875,357,5.408,ok,False,
2026-05-22T01:05:18.006590+00:00,eval_v4,v4,deepseek/deepseek-v4-flash,False,20220729204500-361,1907,619,6.355,ok,False,
2026-05-22T01:05:21.271357+00:00,eval_v4,v4,deepseek/deepseek-v4-flash,False,20220714231500-1030,1892,314,5.008,ok,False,
2026-05-22T01:05:19.313476+00:00,eval_v4,v4,deepseek/deepseek-v4-flash,False,20220717201500-613,1813,651,7.615,ok,False,
2026-05-22T01:05:20.532311+00:00,eval_v4,v4,deepseek/deepseek-v4-flash,False,20220725113000-1055,1833,593,6.461,ok,False,
2026-05-22T01:05:24.362042+00:00,eval_v4,v4,deepseek/deepseek-v4-flash,False,20220804070000-141,1914,523,6.586,ok,False,
2026-05-22T01:05:26.993787+00:00,eval_v4,v4,deepseek/deepseek-v4-flash,False,20220804114500-1454,1863,403,4.206,ok,False,
2026-05-22T01:04:53.037202+00:00,eval_v4,v4,deepseek/deepseek-v4-flash,False,20220819001500-96,1931,346,40.303,ok,False,
2026-05-22T01:05:23.801595+00:00,eval_v4,v4,deepseek/deepseek-v4-flash,False,20220722151500-1483,1901,732,9.857,ok,False,
2026-05-22T01:05:26.929194+00:00,eval_v4,v4,deepseek/deepseek-v4-flash,False,20220815001500-457,1842,719,9.102,ok,False,
2026-05-22T01:05:26.279820+00:00,eval_v4,v4,deepseek/deepseek-v4-flash,False,20220807103000-261,1843,794,11.633,ok,False,
2026-05-22T01:05:33.659853+00:00,eval_v4,v4,deepseek/deepseek-v4-flash,False,20230308193000-1627,1954,98,5.285,ok,False,
2026-05-22T01:05:30.948951+00:00,eval_v4,v4,deepseek/deepseek-v4-flash,False,20220812094500-758,1884,499,8.093,ok,False,
2026-05-22T01:05:37.913288+00:00,eval_v4,v4,deepseek/deepseek-v4-flash,False,20230318124500-265,1819,107,5.394,ok,False,
2026-05-22T01:05:36.032442+00:00,eval_v4,v4,deepseek/deepseek-v4-flash,False,20230306114500-432,1922,586,7.431,ok,False,
2026-05-22T01:05:31.200803+00:00,eval_v4,v4,deepseek/deepseek-v4-flash,False,20220814040000-184,1790,115,12.476,ok,False,
2026-05-22T01:05:43.678064+00:00,eval_v4,v4,deepseek/deepseek-v4-flash,False,20230327151500-1344,1898,115,2.389,ok,False,
2026-05-22T01:05:43.463786+00:00,eval_v4,v4,deepseek/deepseek-v4-flash,False,20230323210000-1965,1881,216,3.185,ok,False,
2026-05-22T01:05:38.945593+00:00,eval_v4,v4,deepseek/deepseek-v4-flash,False,20230318091500-312,1930,71,7.957,ok,False,
2026-05-22T01:05:39.043600+00:00,eval_v4,v4,deepseek/deepseek-v4-flash,False,20230312203000-323,1914,558,8.912,ok,False,
2026-05-22T01:05:46.068337+00:00,eval_v4,v4,deepseek/deepseek-v4-flash,False,20230320133000-1135,1886,240,3.552,ok,False,
2026-05-22T01:05:46.650692+00:00,eval_v4,v4,deepseek/deepseek-v4-flash,False,20230320053000-590,1854,88,3.211,ok,False,
2026-05-22T01:05:43.307783+00:00,eval_v4,v4,deepseek/deepseek-v4-flash,False,20230326054500-809,1806,513,7.262,ok,False,
2026-05-22T01:05:47.956272+00:00,eval_v4,v4,deepseek/deepseek-v4-flash,False,20230217081500-320,1865,87,3.084,ok,False,
2026-05-22T01:05:50.570561+00:00,eval_v4,v4,deepseek/deepseek-v4-flash,False,20230216114500-692,1944,397,3.94,ok,False,
2026-05-22T01:05:46.903876+00:00,eval_v4,v4,deepseek/deepseek-v4-flash,False,20230323210000-1297,1869,688,7.931,ok,False,
2026-05-22T01:05:49.862825+00:00,eval_v4,v4,deepseek/deepseek-v4-flash,False,20230215153000-757,1845,451,5.828,ok,False,
2026-05-22T01:05:51.041175+00:00,eval_v4,v4,deepseek/deepseek-v4-flash,False,20230217074500-382,1879,580,6.947,ok,False,
2026-05-22T01:05:54.511093+00:00,eval_v4,v4,deepseek/deepseek-v4-flash,False,20230215181500-127,1839,413,4.981,ok,False,
2026-05-22T01:05:57.988910+00:00,eval_v4,v4,deepseek/deepseek-v4-flash,False,20230208033000-627,1763,94,4.473,ok,False,
2026-05-22T01:05:59.493350+00:00,eval_v4,v4,deepseek/deepseek-v4-flash,False,20230130063000-462,1878,93,4.48,ok,False,
2026-05-22T01:05:49.621338+00:00,eval_v4,v4,deepseek/deepseek-v4-flash,False,20230213191500-1419,1887,399,15.319,ok,False,
2026-05-22T01:05:18.468120+00:00,eval_v4,v4,deepseek/deepseek-v4-flash,False,20220722223000-621,1930,526,46.869,ok,False,
2026-05-22T01:05:54.835932+00:00,eval_v4,v4,deepseek/deepseek-v4-flash,False,20230208130000-619,1944,812,11.351,ok,False,
2026-05-22T01:06:04.940969+00:00,eval_v4,v4,deepseek/deepseek-v4-flash,False,20230226224500-4,1921,88,1.989,ok,False,
2026-05-22T01:05:55.691916+00:00,eval_v4,v4,deepseek/deepseek-v4-flash,False,20230208170000-723,1940,828,11.327,ok,False,
2026-05-22T01:07:38.499915+00:00,eval_v4_minimax-m2-7,v4,minimax/minimax-m2.7,False,20220822223000-1202,1768,671,21.25,ok,False,
2026-05-22T01:07:38.498855+00:00,eval_v4_minimax-m2-7,v4,minimax/minimax-m2.7,False,20220817130000-492,1786,444,28.641,ok,False,
2026-05-22T01:08:13.095448+00:00,eval_v4_minimax-m2-7,v4,minimax/minimax-m2.7,False,20220819081500-848,1820,663,4.17,ok,False,
2026-05-22T01:08:13.095631+00:00,eval_v4_minimax-m2-7,v4,minimax/minimax-m2.7,False,20220822223000-1202,1768,728,5.649,ok,False,
2026-05-22T01:08:13.095873+00:00,eval_v4_minimax-m2-7,v4,minimax/minimax-m2.7,False,20220901120000-1086,1707,544,12.323,ok,False,
2026-05-22T01:08:13.097279+00:00,eval_v4_minimax-m2-7,v4,minimax/minimax-m2.7,False,20220817090000-905,1842,427,14.791,ok,False,
2026-05-22T01:08:13.093923+00:00,eval_v4_minimax-m2-7,v4,minimax/minimax-m2.7,False,20220817130000-492,1788,554,16.609,ok,False,
2026-05-22T01:08:17.266801+00:00,eval_v4_minimax-m2-7,v4,minimax/minimax-m2.7,False,20220908083000-565,1843,583,15.94,ok,False,
2026-05-22T01:08:13.099523+00:00,eval_v4_minimax-m2-7,v4,minimax/minimax-m2.7,False,20220906060000-424,1857,753,21.497,ok,False,
2026-05-22T01:08:25.419972+00:00,eval_v4_minimax-m2-7,v4,minimax/minimax-m2.7,False,20220902104500-1051,1820,621,10.961,ok,False,
2026-05-22T01:08:34.597183+00:00,eval_v4_minimax-m2-7,v4,minimax/minimax-m2.7,False,20220726223000-1514,1858,573,4.72,ok,False,
2026-05-22T01:08:36.381996+00:00,eval_v4_minimax-m2-7,v4,minimax/minimax-m2.7,False,20220727060000-210,1788,637,3.209,ok,False,
2026-05-22T01:08:29.704055+00:00,eval_v4_minimax-m2-7,v4,minimax/minimax-m2.7,False,20220731070000-516,1811,596,11.251,ok,False,
2026-05-22T01:08:13.095370+00:00,eval_v4_minimax-m2-7,v4,minimax/minimax-m2.7,False,20220819170000-810,1866,659,28.17,ok,False,
2026-05-22T01:08:13.097437+00:00,eval_v4_minimax-m2-7,v4,minimax/minimax-m2.7,False,20220830093000-457,1801,865,30.581,ok,False,
2026-05-22T01:08:18.745047+00:00,eval_v4_minimax-m2-7,v4,minimax/minimax-m2.7,False,20220901063000-821,1675,486,25.101,ok,False,
2026-05-22T01:08:33.207909+00:00,eval_v4_minimax-m2-7,v4,minimax/minimax-m2.7,False,20220726094500-172,1661,568,12.808,ok,False,
2026-05-22T01:08:27.889204+00:00,eval_v4_minimax-m2-7,v4,minimax/minimax-m2.7,False,20220905093000-1,1825,557,18.918,ok,False,
2026-05-22T01:08:43.847336+00:00,eval_v4_minimax-m2-7,v4,minimax/minimax-m2.7,False,20220712111500-1125,1860,728,14.908,ok,False,
2026-05-22T01:08:43.679048+00:00,eval_v4_minimax-m2-7,v4,minimax/minimax-m2.7,False,20220725081500-40,1697,732,15.337,ok,False,
2026-05-22T01:08:40.956226+00:00,eval_v4_minimax-m2-7,v4,minimax/minimax-m2.7,False,20220713094500-845,1900,505,18.86,ok,False,
2026-05-22T01:08:58.756253+00:00,eval_v4_minimax-m2-7,v4,minimax/minimax-m2.7,False,20220802153000-1593,1865,684,4.56,ok,False,
2026-05-22T01:08:41.266169+00:00,eval_v4_minimax-m2-7,v4,minimax/minimax-m2.7,False,20220724103000-482,1688,943,22.176,ok,False,
2026-05-22T01:08:39.318718+00:00,eval_v4_minimax-m2-7,v4,minimax/minimax-m2.7,False,20220726160000-336,1863,712,24.866,ok,False,
2026-05-22T01:08:46.808149+00:00,eval_v4_minimax-m2-7,v4,minimax/minimax-m2.7,False,20220719030000-327,1858,568,19.292,ok,False,
2026-05-22T01:09:03.442909+00:00,eval_v4_minimax-m2-7,v4,minimax/minimax-m2.7,False,20220816071500-575,1840,569,3.123,ok,False,
2026-05-22T01:08:39.593197+00:00,eval_v4_minimax-m2-7,v4,minimax/minimax-m2.7,False,20220727064500-317,1697,589,29.116,ok,False,
2026-05-22T01:08:46.017129+00:00,eval_v4_minimax-m2-7,v4,minimax/minimax-m2.7,False,20220715040000-615,1695,554,30.12,ok,False,
2026-05-22T01:08:59.816690+00:00,eval_v4_minimax-m2-7,v4,minimax/minimax-m2.7,False,20220816134500-167,1770,381,18.281,ok,False,
2026-05-22T01:09:08.710339+00:00,eval_v4_minimax-m2-7,v4,minimax/minimax-m2.7,False,20220819234500-955,1804,788,13.913,ok,False,
2026-05-22T01:09:03.317275+00:00,eval_v4_minimax-m2-7,v4,minimax/minimax-m2.7,False,20220809070000-796,1828,680,19.736,ok,False,
2026-05-22T01:09:04.186098+00:00,eval_v4_minimax-m2-7,v4,minimax/minimax-m2.7,False,20220808114500-736,1849,582,19.123,ok,False,
2026-05-22T01:09:06.566598+00:00,eval_v4_minimax-m2-7,v4,minimax/minimax-m2.7,False,20220824173000-628,1848,530,17.412,ok,False,
2026-05-22T01:09:06.100951+00:00,eval_v4_minimax-m2-7,v4,minimax/minimax-m2.7,False,20220819001500-96,1864,618,20.32,ok,False,
2026-05-22T01:08:59.016496+00:00,eval_v4_minimax-m2-7,v4,minimax/minimax-m2.7,False,20220815110000-231,1824,685,28.041,ok,False,
2026-05-22T01:09:23.053960+00:00,eval_v4_minimax-m2-7,v4,minimax/minimax-m2.7,False,20220902054500-567,1761,811,5.372,ok,False,
2026-05-22T01:09:27.058408+00:00,eval_v4_minimax-m2-7,v4,minimax/minimax-m2.7,False,20220905190000-845,1784,636,3.836,ok,False,
2026-05-22T01:09:28.427071+00:00,eval_v4_minimax-m2-7,v4,minimax/minimax-m2.7,False,20220831090000-1081,1713,424,2.624,ok,False,
2026-05-22T01:09:26.421659+00:00,eval_v4_minimax-m2-7,v4,minimax/minimax-m2.7,False,20220901224500-451,1840,761,4.933,ok,False,
2026-05-22T01:09:16.138071+00:00,eval_v4_minimax-m2-7,v4,minimax/minimax-m2.7,False,20220827200000-400,1864,501,17.748,ok,False,
2026-05-22T01:09:23.310407+00:00,eval_v4_minimax-m2-7,v4,minimax/minimax-m2.7,False,20220905153000-1100,1828,908,11.497,ok,False,
2026-05-22T01:09:18.098585+00:00,eval_v4_minimax-m2-7,v4,minimax/minimax-m2.7,False,20220830204500-1313,1919,515,18.342,ok,False,
2026-05-22T01:09:31.051759+00:00,eval_v4_minimax-m2-7,v4,minimax/minimax-m2.7,False,20220801231500-838,1846,225,7.408,ok,False,
2026-05-22T01:09:38.460411+00:00,eval_v4_minimax-m2-7,v4,minimax/minimax-m2.7,False,20220712173000-919,1817,730,3.545,ok,False,
2026-05-22T01:09:23.979247+00:00,eval_v4_minimax-m2-7,v4,minimax/minimax-m2.7,False,20220908150000-1248,1835,613,21.785,ok,False,
2026-05-22T01:09:30.895119+00:00,eval_v4_minimax-m2-7,v4,minimax/minimax-m2.7,False,20220801174500-899,1878,467,15.939,ok,False,
2026-05-22T01:09:42.006829+00:00,eval_v4_minimax-m2-7,v4,minimax/minimax-m2.7,False,20220722223000-621,1873,545,5.529,ok,False,
2026-05-22T01:09:31.355211+00:00,eval_v4_minimax-m2-7,v4,minimax/minimax-m2.7,False,20220730064500-178,1800,776,22.255,ok,False,
2026-05-22T01:09:22.624627+00:00,eval_v4_minimax-m2-7,v4,minimax/minimax-m2.7,False,20220817170000-1351,1786,537,34.849,ok,False,
2026-05-22T01:09:36.442480+00:00,eval_v4_minimax-m2-7,v4,minimax/minimax-m2.7,False,20220729204500-361,1848,776,21.17,ok,False,
2026-05-22T01:09:45.765489+00:00,eval_v4_minimax-m2-7,v4,minimax/minimax-m2.7,False,20220717201500-613,1764,596,13.055,ok,False,
2026-05-22T01:09:33.887334+00:00,eval_v4_minimax-m2-7,v4,minimax/minimax-m2.7,False,20220731194500-562,1825,693,26.998,ok,False,
2026-05-22T01:09:46.834755+00:00,eval_v4_minimax-m2-7,v4,minimax/minimax-m2.7,False,20220725113000-1055,1785,494,16.442,ok,False,
2026-05-22T01:10:00.885978+00:00,eval_v4_minimax-m2-7,v4,minimax/minimax-m2.7,False,20220804114500-1454,1785,736,5.358,ok,False,
2026-05-22T01:09:57.474470+00:00,eval_v4_minimax-m2-7,v4,minimax/minimax-m2.7,False,20220804070000-141,1848,571,12.274,ok,False,
2026-05-22T01:09:47.537274+00:00,eval_v4_minimax-m2-7,v4,minimax/minimax-m2.7,False,20220714231500-1030,1843,714,22.972,ok,False,
2026-05-22T01:09:57.613733+00:00,eval_v4_minimax-m2-7,v4,minimax/minimax-m2.7,False,20220807103000-261,1787,783,14.536,ok,False,
2026-05-22T01:10:06.244738+00:00,eval_v4_minimax-m2-7,v4,minimax/minimax-m2.7,False,20220814040000-184,1740,481,6.497,ok,False,
2026-05-22T01:09:34.808275+00:00,eval_v4_minimax-m2-7,v4,minimax/minimax-m2.7,False,20220726210000-1713,1840,1024,39.659,parse_error,False,Expecting value: line 1 column 1 (char 0)
2026-05-22T01:10:12.743045+00:00,eval_v4_minimax-m2-7,v4,minimax/minimax-m2.7,False,20230318124500-265,1770,574,4.111,ok,False,
2026-05-22T01:09:58.821280+00:00,eval_v4_minimax-m2-7,v4,minimax/minimax-m2.7,False,20220815001500-457,1786,874,18.37,ok,False,
2026-05-22T01:09:53.611563+00:00,eval_v4_minimax-m2-7,v4,minimax/minimax-m2.7,False,20220722151500-1483,1838,743,24.186,ok,False,
2026-05-22T01:10:16.854631+00:00,eval_v4_minimax-m2-7,v4,minimax/minimax-m2.7,False,20230318091500-312,1864,623,3.744,ok,False,
2026-05-22T01:10:10.510520+00:00,eval_v4_minimax-m2-7,v4,minimax/minimax-m2.7,False,20230308193000-1627,1888,515,12.524,ok,False,
2026-05-22T01:10:20.599812+00:00,eval_v4_minimax-m2-7,v4,minimax/minimax-m2.7,False,20230323210000-1965,1809,595,3.686,ok,False,
2026-05-22T01:10:09.749723+00:00,eval_v4_minimax-m2-7,v4,minimax/minimax-m2.7,False,20230318053000-52,1807,591,14.848,ok,False,
2026-05-22T01:10:03.277818+00:00,eval_v4_minimax-m2-7,v4,minimax/minimax-m2.7,False,20220812094500-758,1824,891,22.47,ok,False,
2026-05-22T01:10:17.192805+00:00,eval_v4_minimax-m2-7,v4,minimax/minimax-m2.7,False,20230312203000-323,1849,687,15.471,ok,False,
2026-05-22T01:10:12.150931+00:00,eval_v4_minimax-m2-7,v4,minimax/minimax-m2.7,False,20230306114500-432,1849,677,21.115,ok,False,
2026-05-22T01:10:23.036665+00:00,eval_v4_minimax-m2-7,v4,minimax/minimax-m2.7,False,20230327151500-1344,1843,586,10.26,ok,False,
2026-05-22T01:10:15.468730+00:00,eval_v4_minimax-m2-7,v4,minimax/minimax-m2.7,False,20220726210000-1713,1840,602,18.472,ok,False,
2026-05-22T01:10:24.598490+00:00,eval_v4_minimax-m2-7,v4,minimax/minimax-m2.7,False,20230320053000-590,1801,581,10.272,ok,False,
2026-05-22T01:10:33.941670+00:00,eval_v4_minimax-m2-7,v4,minimax/minimax-m2.7,False,20230216114500-692,1869,419,2.406,ok,False,
2026-05-22T01:10:17.798095+00:00,eval_v4_minimax-m2-7,v4,minimax/minimax-m2.7,False,20230326054500-809,1758,645,19.777,ok,False,
2026-05-22T01:10:24.286561+00:00,eval_v4_minimax-m2-7,v4,minimax/minimax-m2.7,False,20230320133000-1135,1817,566,15.595,ok,False,
2026-05-22T01:10:32.665048+00:00,eval_v4_minimax-m2-7,v4,minimax/minimax-m2.7,False,20230217081500-320,1808,593,11.655,ok,False,
2026-05-22T01:10:33.297353+00:00,eval_v4_minimax-m2-7,v4,minimax/minimax-m2.7,False,20230215153000-757,1811,772,15.914,ok,False,
2026-05-22T01:10:25.748898+00:00,eval_v4_minimax-m2-7,v4,minimax/minimax-m2.7,False,20230323210000-1297,1790,669,23.908,ok,False,
2026-05-22T01:10:36.348176+00:00,eval_v4_minimax-m2-7,v4,minimax/minimax-m2.7,False,20230215181500-127,1790,464,15.009,ok,False,
2026-05-22T01:10:37.577047+00:00,eval_v4_minimax-m2-7,v4,minimax/minimax-m2.7,False,20230208130000-619,1878,712,14.565,ok,False,
2026-05-22T01:10:34.871289+00:00,eval_v4_minimax-m2-7,v4,minimax/minimax-m2.7,False,20230217074500-382,1830,822,19.318,ok,False,
2026-05-22T01:10:39.883018+00:00,eval_v4_minimax-m2-7,v4,minimax/minimax-m2.7,False,20230208170000-723,1871,718,15.316,ok,False,
2026-05-22T01:10:33.266436+00:00,eval_v4_minimax-m2-7,v4,minimax/minimax-m2.7,False,20230213191500-1419,1830,1024,23.799,parse_error,False,Expecting value: line 1 column 1 (char 0)
2026-05-22T01:10:44.320759+00:00,eval_v4_minimax-m2-7,v4,minimax/minimax-m2.7,False,20230208033000-627,1725,588,13.273,ok,False,
2026-05-22T01:10:54.189958+00:00,eval_v4_minimax-m2-7,v4,minimax/minimax-m2.7,False,20230222144500-72,1815,507,9.808,ok,False,
2026-05-22T01:10:49.658457+00:00,eval_v4_minimax-m2-7,v4,minimax/minimax-m2.7,False,20230203124500-65,1801,567,14.477,ok,False,
2026-05-22T01:10:55.200797+00:00,eval_v4_minimax-m2-7,v4,minimax/minimax-m2.7,False,20230301090000-781,1865,529,9.489,ok,False,
2026-05-22T01:10:51.358371+00:00,eval_v4_minimax-m2-7,v4,minimax/minimax-m2.7,False,20230126184500-1687,1821,585,14.429,ok,False,
2026-05-22T01:11:05.788160+00:00,eval_v4_minimax-m2-7,v4,minimax/minimax-m2.7,False,20230314110000-830,1768,351,1.608,ok,False,
2026-05-22T01:10:57.594564+00:00,eval_v4_minimax-m2-7,v4,minimax/minimax-m2.7,False,20230226194500-418,1813,630,10.846,ok,False,
2026-05-22T01:11:03.999144+00:00,eval_v4_minimax-m2-7,v4,minimax/minimax-m2.7,False,20230301180000-470,1821,447,8.672,ok,False,
2026-05-22T01:10:49.213025+00:00,eval_v4_minimax-m2-7,v4,minimax/minimax-m2.7,False,20230130063000-462,1818,993,24.016,ok,False,
2026-05-22T01:10:58.066915+00:00,eval_v4_minimax-m2-7,v4,minimax/minimax-m2.7,False,20230213191500-1419,1830,596,15.702,ok,False,
2026-05-22T01:11:04.136202+00:00,eval_v4_minimax-m2-7,v4,minimax/minimax-m2.7,False,20230303060000-277,1803,552,11.37,ok,False,
2026-05-22T01:10:52.142995+00:00,eval_v4_minimax-m2-7,v4,minimax/minimax-m2.7,False,20230226224500-4,1864,874,26.918,ok,False,
2026-05-22T01:11:07.397465+00:00,eval_v4_minimax-m2-7,v4,minimax/minimax-m2.7,False,20230305181500-412,1841,604,14.883,ok,False,
2026-05-22T01:11:19.062218+00:00,eval_v4_minimax-m2-7,v4,minimax/minimax-m2.7,False,20230324080000-2010,1800,494,3.486,ok,False,
2026-05-22T01:11:12.671908+00:00,eval_v4_minimax-m2-7,v4,minimax/minimax-m2.7,False,20230316171500-198,1784,584,11.274,ok,False,
2026-05-22T01:11:15.507157+00:00,eval_v4_minimax-m2-7,v4,minimax/minimax-m2.7,False,20230319181500-74,1802,334,10.118,ok,False,
2026-05-22T01:11:08.441054+00:00,eval_v4_minimax-m2-7,v4,minimax/minimax-m2.7,False,20230307123000-217,1804,689,17.758,ok,False,
2026-05-22T01:11:22.549503+00:00,eval_v4_minimax-m2-7,v4,minimax/minimax-m2.7,False,20230324191500-1387,1674,656,3.658,ok,False,
2026-05-22T01:11:13.229983+00:00,eval_v4_minimax-m2-7,v4,minimax/minimax-m2.7,False,20230316214500-645,1829,605,17.959,ok,False,
2026-05-22T01:11:04.691067+00:00,eval_v4_minimax-m2-7,v4,minimax/minimax-m2.7,False,20230313061500-394,1805,1024,26.783,parse_error,False,Expecting value: line 1 column 1 (char 0)
2026-05-22T01:11:26.200357+00:00,eval_v4_minimax-m2-7,v4,minimax/minimax-m2.7,False,20230215154500-1567,1825,231,5.388,ok,False,
2026-05-22T01:11:31.589074+00:00,eval_v4_minimax-m2-7,v4,minimax/minimax-m2.7,False,20230215081500-127,1766,592,3.892,ok,False,
2026-05-22T01:11:25.626333+00:00,eval_v4_minimax-m2-7,v4,minimax/minimax-m2.7,False,20230217191500-1401,1837,564,10.742,ok,False,
2026-05-22T01:11:31.190414+00:00,eval_v4_minimax-m2-7,v4,minimax/minimax-m2.7,False,20230215171500-1053,1805,730,6.242,ok,False,
2026-05-22T01:11:26.208807+00:00,eval_v4_minimax-m2-7,v4,minimax/minimax-m2.7,False,20230217173000-1150,1810,428,11.996,ok,False,
2026-05-22T01:11:23.946787+00:00,eval_v4_minimax-m2-7,v4,minimax/minimax-m2.7,False,20230319101500-514,1785,551,15.144,ok,False,
2026-05-22T01:11:13.769953+00:00,eval_v4_minimax-m2-7,v4,minimax/minimax-m2.7,False,20230325084500-239,1822,964,26.494,ok,False,
2026-05-22T01:11:22.281252+00:00,eval_v4_minimax-m2-7,v4,minimax/minimax-m2.7,False,20230324131500-2565,1842,468,21.066,ok,False,
2026-05-22T01:11:32.475027+00:00,eval_v4_minimax-m2-7,v4,minimax/minimax-m2.7,False,20230313061500-394,1805,681,12.794,ok,False,
2026-05-22T01:11:39.091893+00:00,eval_v4_minimax-m2-7,v4,minimax/minimax-m2.7,False,20230129064500-587,1826,488,11.647,ok,False,
2026-05-22T01:11:35.482214+00:00,eval_v4_minimax-m2-7,v4,minimax/minimax-m2.7,False,20230216130000-1095,1860,522,15.854,ok,False,
2026-05-22T01:11:36.368995+00:00,eval_v4_minimax-m2-7,v4,minimax/minimax-m2.7,False,20230208181500-257,1806,662,15.661,ok,False,
2026-05-22T01:11:43.348099+00:00,eval_v4_minimax-m2-7,v4,minimax/minimax-m2.7,False,20230209234500-346,1829,560,11.928,ok,False,
2026-05-22T01:11:38.205636+00:00,eval_v4_minimax-m2-7,v4,minimax/minimax-m2.7,False,20230202144500-44,1766,1024,17.434,parse_error,False,Expecting value: line 1 column 1 (char 0)
2026-05-22T01:11:37.433578+00:00,eval_v4_minimax-m2-7,v4,minimax/minimax-m2.7,False,20230206171500-229,1758,629,18.877,ok,False,
2026-05-22T01:11:45.270154+00:00,eval_v4_minimax-m2-7,v4,minimax/minimax-m2.7,False,20230222173000-512,1850,587,11.298,ok,False,
2026-05-22T01:11:51.336825+00:00,eval_v4_minimax-m2-7,v4,minimax/minimax-m2.7,False,20230218083000-419,1811,620,10.57,ok,False,
2026-05-22T01:11:40.265088+00:00,eval_v4_minimax-m2-7,v4,minimax/minimax-m2.7,False,20230203173000-77,1809,1024,22.08,parse_error,False,Expecting value: line 1 column 1 (char 0)
2026-05-22T01:11:55.277065+00:00,eval_v4_minimax-m2-7,v4,minimax/minimax-m2.7,False,20230220071500-238,1844,571,9.844,ok,False,
2026-05-22T01:11:50.739912+00:00,eval_v4_minimax-m2-7,v4,minimax/minimax-m2.7,False,20230223183000-859,1818,746,15.851,ok,False,
2026-05-22T01:11:56.568891+00:00,eval_v4_minimax-m2-7,v4,minimax/minimax-m2.7,False,20240409150000-1494,1744,570,11.489,ok,False,
2026-05-22T01:11:56.312061+00:00,eval_v4_minimax-m2-7,v4,minimax/minimax-m2.7,False,20230304140000-16,1865,533,14.022,ok,False,
2026-05-22T01:11:52.030537+00:00,eval_v4_minimax-m2-7,v4,minimax/minimax-m2.7,False,20230220103000-273,1849,863,18.383,ok,False,
2026-05-22T01:12:08.058818+00:00,eval_v4_minimax-m2-7,v4,minimax/minimax-m2.7,False,20240405090000-719,1853,513,3.376,ok,False,
2026-05-22T01:12:01.907539+00:00,eval_v4_minimax-m2-7,v4,minimax/minimax-m2.7,False,20240403024500-258,1780,570,11.17,ok,False,
2026-05-22T01:12:10.414672+00:00,eval_v4_minimax-m2-7,v4,minimax/minimax-m2.7,False,20240418091500-281,1895,289,5.172,ok,False,
2026-05-22T01:12:06.591757+00:00,eval_v4_minimax-m2-7,v4,minimax/minimax-m2.7,False,20240402130000-331,1848,512,9.44,ok,False,
2026-05-22T01:12:13.078760+00:00,eval_v4_minimax-m2-7,v4,minimax/minimax-m2.7,False,20240415173000-1764,1817,695,5.332,ok,False,
2026-05-22T01:12:16.032685+00:00,eval_v4_minimax-m2-7,v4,minimax/minimax-m2.7,False,20240419161500-726,1850,649,3.39,ok,False,
2026-05-22T01:12:10.335204+00:00,eval_v4_minimax-m2-7,v4,minimax/minimax-m2.7,False,20240402060000-1067,1849,568,9.77,ok,False,
2026-05-22T01:11:56.640604+00:00,eval_v4_minimax-m2-7,v4,minimax/minimax-m2.7,False,20230202144500-44,1766,739,25.63,ok,False,
2026-05-22T01:12:03.346959+00:00,eval_v4_minimax-m2-7,v4,minimax/minimax-m2.7,False,20230203173000-77,1809,775,19.441,ok,False,
2026-05-22T01:12:05.121577+00:00,eval_v4_minimax-m2-7,v4,minimax/minimax-m2.7,False,20240412134500-1029,1820,1024,17.985,parse_error,False,Expecting value: line 1 column 1 (char 0)
2026-05-22T01:12:22.271096+00:00,eval_v4_minimax-m2-7,v4,minimax/minimax-m2.7,False,20240315060000-911,1854,611,2.965,ok,False,
2026-05-22T01:12:19.423627+00:00,eval_v4_minimax-m2-7,v4,minimax/minimax-m2.7,False,20240316024500-663,1786,527,10.218,ok,False,
2026-05-22T01:12:15.587956+00:00,eval_v4_minimax-m2-7,v4,minimax/minimax-m2.7,False,20240422130000-1630,1816,580,16.552,ok,False,
2026-05-22T01:12:18.412589+00:00,eval_v4_minimax-m2-7,v4,minimax/minimax-m2.7,False,20240418124500-1333,1810,518,14.714,ok,False,
2026-05-22T01:12:20.106339+00:00,eval_v4_minimax-m2-7,v4,minimax/minimax-m2.7,False,20240314214500-1793,1707,568,14.113,ok,False,
2026-05-22T01:12:11.436337+00:00,eval_v4_minimax-m2-7,v4,minimax/minimax-m2.7,False,20240422130000-213,1828,999,22.922,ok,False,
2026-05-22T01:12:29.642527+00:00,eval_v4_minimax-m2-7,v4,minimax/minimax-m2.7,False,20240316134500-321,1788,529,14.863,ok,False,
2026-05-22T01:12:22.789238+00:00,eval_v4_minimax-m2-7,v4,minimax/minimax-m2.7,False,20240316141500-921,1823,1024,21.944,parse_error,False,Expecting value: line 1 column 1 (char 0)
2026-05-22T01:12:34.359163+00:00,eval_v4_minimax-m2-7,v4,minimax/minimax-m2.7,False,20240304123000-749,1804,487,11.081,ok,False,
2026-05-22T01:12:33.127349+00:00,eval_v4_minimax-m2-7,v4,minimax/minimax-m2.7,False,20240223220000-224,1688,750,12.917,ok,False,
2026-05-22T01:12:25.236780+00:00,eval_v4_minimax-m2-7,v4,minimax/minimax-m2.7,False,20240315113000-553,1806,796,22.637,ok,False,
2026-05-22T01:12:34.220210+00:00,eval_v4_minimax-m2-7,v4,minimax/minimax-m2.7,False,20240223130000-108,1784,612,16.797,ok,False,
2026-05-22T01:12:32.140606+00:00,eval_v4_minimax-m2-7,v4,minimax/minimax-m2.7,False,20240301190000-1560,1842,646,19.39,ok,False,
2026-05-22T01:12:24.107586+00:00,eval_v4_minimax-m2-7,v4,minimax/minimax-m2.7,False,20240412134500-1029,1820,1024,33.39,parse_error,False,Expecting value: line 1 column 1 (char 0)
2026-05-22T01:12:44.506845+00:00,eval_v4_minimax-m2-7,v4,minimax/minimax-m2.7,False,20240228144500-1680,1764,630,17.917,ok,False,
2026-05-22T01:12:51.018467+00:00,eval_v4_minimax-m2-7,v4,minimax/minimax-m2.7,False,20240329131500-1086,1804,501,11.642,ok,False,
2026-05-22T01:12:46.045479+00:00,eval_v4_minimax-m2-7,v4,minimax/minimax-m2.7,False,20240321093000-59,1810,820,18.143,ok,False,
2026-05-22T01:12:51.531431+00:00,eval_v4_minimax-m2-7,v4,minimax/minimax-m2.7,False,20240327211500-1457,1809,653,14.952,ok,False,
2026-05-22T01:12:45.734649+00:00,eval_v4_minimax-m2-7,v4,minimax/minimax-m2.7,False,20240316141500-921,1823,1024,24.255,parse_error,False,Expecting value: line 1 column 1 (char 0)
2026-05-22T01:12:47.875423+00:00,eval_v4_minimax-m2-7,v4,minimax/minimax-m2.7,False,20240327200000-0,1821,807,24.9,ok,False,
2026-05-22T01:13:04.189397+00:00,eval_v4_minimax-m2-7,v4,minimax/minimax-m2.7,False,20240409060000-811,1877,657,8.899,ok,False,
2026-05-22T01:13:02.424875+00:00,eval_v4_minimax-m2-7,v4,minimax/minimax-m2.7,False,20240328190000-471,1805,591,15.38,ok,False,
2026-05-22T01:12:45.441719+00:00,eval_v4_minimax-m2-7,v4,minimax/minimax-m2.7,False,20240229140000-561,1734,1024,34.359,parse_error,False,Expecting value: line 1 column 1 (char 0)
2026-05-22T01:13:02.661311+00:00,eval_v4_minimax-m2-7,v4,minimax/minimax-m2.7,False,20240331154500-533,1858,605,18.378,ok,False,
2026-05-22T01:13:13.089798+00:00,eval_v4_minimax-m2-7,v4,minimax/minimax-m2.7,False,20240404071500-649,1832,662,8.552,ok,False,
2026-05-22T01:13:21.642471+00:00,eval_v4_minimax-m2-7,v4,minimax/minimax-m2.7,False,20240418140000-896,1772,564,2.365,ok,False,
2026-05-22T01:13:12.775923+00:00,eval_v4_minimax-m2-7,v4,minimax/minimax-m2.7,False,20240402153000-1461,1779,611,11.85,ok,False,
2026-05-22T01:13:06.484707+00:00,eval_v4_minimax-m2-7,v4,minimax/minimax-m2.7,False,20240402131500-757,1794,743,19.9,ok,False,
2026-05-22T01:12:59.499451+00:00,eval_v4_minimax-m2-7,v4,minimax/minimax-m2.7,False,20240412134500-1029,1820,849,26.886,ok,False,
2026-05-22T01:13:17.805891+00:00,eval_v4_minimax-m2-7,v4,minimax/minimax-m2.7,False,20240411043000-1156,1795,601,10.531,ok,False,
2026-05-22T01:13:11.990534+00:00,eval_v4_minimax-m2-7,v4,minimax/minimax-m2.7,False,20240316141500-921,1823,656,17.77,ok,False,
2026-05-22T01:13:20.802192+00:00,eval_v4_minimax-m2-7,v4,minimax/minimax-m2.7,False,20240229140000-561,1732,545,11.373,ok,False,
2026-05-22T01:13:24.627262+00:00,eval_v4_minimax-m2-7,v4,minimax/minimax-m2.7,False,20240418040000-983,1819,404,12.322,ok,False,
2026-05-22T01:13:26.386047+00:00,eval_v4_minimax-m2-7,v4,minimax/minimax-m2.7,False,20240419120000-596,1782,553,14.194,ok,False,
2026-05-22T01:13:21.040510+00:00,eval_v4_minimax-m2-7,v4,minimax/minimax-m2.7,False,20240403094500-785,1854,778,20.281,ok,False,
2026-05-22T01:13:26.389659+00:00,eval_v4_minimax-m2-7,v4,minimax/minimax-m2.7,False,20240415161500-503,1793,591,17.437,ok,False,
2026-05-22T01:13:28.337726+00:00,eval_v4_minimax-m2-7,v4,minimax/minimax-m2.7,False,20240417203000-1025,1870,602,20.238,ok,False,
2026-05-22T01:13:36.950737+00:00,eval_v4_minimax-m2-7,v4,minimax/minimax-m2.7,False,20240316030000-786,1825,565,13.659,ok,False,
2026-05-22T01:13:29.761201+00:00,eval_v4_minimax-m2-7,v4,minimax/minimax-m2.7,False,20240315083000-944,1779,700,20.864,ok,False,
2026-05-22T01:13:32.177052+00:00,eval_v4_minimax-m2-7,v4,minimax/minimax-m2.7,False,20240316224500-641,1792,669,22.549,ok,False,
2026-05-22T01:13:24.008998+00:00,eval_v4_minimax-m2-7,v4,minimax/minimax-m2.7,False,20240418100000-1127,1807,1024,30.977,parse_error,False,Expecting value: line 1 column 1 (char 0)
2026-05-22T01:13:41.322070+00:00,eval_v4_minimax-m2-7,v4,minimax/minimax-m2.7,False,20240315070000-939,1814,657,19.257,ok,False,
2026-05-22T01:13:40.581596+00:00,eval_v4_minimax-m2-7,v4,minimax/minimax-m2.7,False,20240315133000-1167,1785,734,20.829,ok,False,
2026-05-22T01:13:43.827346+00:00,eval_v4_minimax-m2-7,v4,minimax/minimax-m2.7,False,20240315213000-399,1780,644,18.452,ok,False,
2026-05-22T01:13:50.625910+00:00,eval_v4_minimax-m2-7,v4,minimax/minimax-m2.7,False,20240223130000-210,1825,615,12.477,ok,False,
2026-05-22T01:13:48.576215+00:00,eval_v4_minimax-m2-7,v4,minimax/minimax-m2.7,False,20240225154500-186,1791,589,16.491,ok,False,
2026-05-22T01:13:54.727510+00:00,eval_v4_minimax-m2-7,v4,minimax/minimax-m2.7,False,20240307040000-399,1790,560,10.614,ok,False,
2026-05-22T01:13:50.611067+00:00,eval_v4_minimax-m2-7,v4,minimax/minimax-m2.7,False,20240227031500-879,1769,688,15.099,ok,False,
2026-05-22T01:14:05.342316+00:00,eval_v4_minimax-m2-7,v4,minimax/minimax-m2.7,False,20240323101500-200,0,0,0.558,parse_error,False,Expecting value: line 1 column 1 (char 0)
2026-05-22T01:14:05.711004+00:00,eval_v4_minimax-m2-7,v4,minimax/minimax-m2.7,False,20240325183000-674,1792,361,1.898,ok,False,
2026-05-22T01:13:55.987365+00:00,eval_v4_minimax-m2-7,v4,minimax/minimax-m2.7,False,20240418100000-1127,1807,558,14.125,ok,False,
2026-05-22T01:14:05.068235+00:00,eval_v4_minimax-m2-7,v4,minimax/minimax-m2.7,False,20240323094500-273,1813,551,5.134,ok,False,
2026-05-22T01:14:00.580306+00:00,eval_v4_minimax-m2-7,v4,minimax/minimax-m2.7,False,20240227153000-1248,1856,592,12.066,ok,False,
2026-05-22T01:14:06.902132+00:00,eval_v4_minimax-m2-7,v4,minimax/minimax-m2.7,False,20240323101500-200,0,0,5.932,parse_error,False,Expecting value: line 1 column 1 (char 0)
2026-05-22T01:14:03.103972+00:00,eval_v4_minimax-m2-7,v4,minimax/minimax-m2.7,False,20240322131500-1469,1912,716,9.969,ok,False,
2026-05-22T01:14:02.280439+00:00,eval_v4_minimax-m2-7,v4,minimax/minimax-m2.7,False,20240331090000-413,1829,942,11.268,ok,False,
2026-05-22T01:14:14.835229+00:00,eval_v4_minimax-m2-7,v4,minimax/minimax-m2.7,False,20240323101500-200,0,0,0.783,parse_error,False,Expecting value: line 1 column 1 (char 0)
2026-05-22T01:14:15.619684+00:00,eval_v4_minimax-m2-7,v4,minimax/minimax-m2.7,False,20240323101500-200,1877,627,3.199,ok,True,
2026-05-22T01:14:10.202931+00:00,eval_v4_minimax-m2-7,v4,minimax/minimax-m2.7,False,20240613083000-822,1828,472,9.862,ok,False,
2026-05-22T01:14:07.610047+00:00,eval_v4_minimax-m2-7,v4,minimax/minimax-m2.7,False,20240322103000-798,1811,639,12.746,ok,False,
2026-05-22T01:14:10.113561+00:00,eval_v4_minimax-m2-7,v4,minimax/minimax-m2.7,False,20240608121500-378,1825,541,11.004,ok,False,
2026-05-22T01:14:21.119397+00:00,eval_v4_minimax-m2-7,v4,minimax/minimax-m2.7,False,20240624123000-925,1776,612,2.871,ok,False,
2026-05-22T01:14:13.549234+00:00,eval_v4_minimax-m2-7,v4,minimax/minimax-m2.7,False,20240609151500-318,1692,607,17.256,ok,False,
2026-05-22T01:14:30.805817+00:00,eval_v4_minimax-m2-7,v4,minimax/minimax-m2.7,False,20240620073000-463,0,0,0.558,parse_error,False,Expecting value: line 1 column 1 (char 0)
2026-05-22T01:14:12.646622+00:00,eval_v4_minimax-m2-7,v4,minimax/minimax-m2.7,False,20240614141500-970,1811,622,19.664,ok,False,
2026-05-22T01:14:32.365321+00:00,eval_v4_minimax-m2-7,v4,minimax/minimax-m2.7,False,20240620073000-463,0,0,0.554,parse_error,False,Expecting value: line 1 column 1 (char 0)
2026-05-22T01:14:13.074226+00:00,eval_v4_minimax-m2-7,v4,minimax/minimax-m2.7,False,20240611030000-971,1818,1024,19.993,parse_error,False,Expecting value: line 1 column 1 (char 0)
2026-05-22T01:14:20.066308+00:00,eval_v4_minimax-m2-7,v4,minimax/minimax-m2.7,False,20240622123000-19,1792,628,15.006,ok,False,
2026-05-22T01:14:01.411081+00:00,eval_v4_minimax-m2-7,v4,minimax/minimax-m2.7,False,20240307033000-1421,1804,580,34.609,ok,False,
2026-05-22T01:14:35.073381+00:00,eval_v4_minimax-m2-7,v4,minimax/minimax-m2.7,False,20240518181500-350,1791,632,3.13,ok,False,
2026-05-22T01:14:34.921251+00:00,eval_v4_minimax-m2-7,v4,minimax/minimax-m2.7,False,20240620073000-463,1815,559,7.182,ok,False,
2026-05-22T01:14:23.991336+00:00,eval_v4_minimax-m2-7,v4,minimax/minimax-m2.7,False,20240623100000-608,1777,696,18.544,ok,False,
2026-05-22T01:14:20.356797+00:00,eval_v4_minimax-m2-7,v4,minimax/minimax-m2.7,False,20240626031500-334,1855,815,23.873,ok,False,
2026-05-22T01:14:36.021291+00:00,eval_v4_minimax-m2-7,v4,minimax/minimax-m2.7,False,20240520151500-1380,1852,605,9.341,ok,False,
2026-05-22T01:14:45.363300+00:00,eval_v4_minimax-m2-7,v4,minimax/minimax-m2.7,False,20240508213000-451,0,0,0.588,parse_error,False,Expecting value: line 1 column 1 (char 0)
2026-05-22T01:14:42.104679+00:00,eval_v4_minimax-m2-7,v4,minimax/minimax-m2.7,False,20240520101500-1164,1784,590,8.424,ok,False,
2026-05-22T01:14:18.819672+00:00,eval_v4_minimax-m2-7,v4,minimax/minimax-m2.7,False,20240610103000-502,1824,1024,31.756,parse_error,False,Expecting value: line 1 column 1 (char 0)
2026-05-22T01:14:32.312373+00:00,eval_v4_minimax-m2-7,v4,minimax/minimax-m2.7,False,20240624050000-918,1820,605,20.775,ok,False,
2026-05-22T01:14:38.204304+00:00,eval_v4_minimax-m2-7,v4,minimax/minimax-m2.7,False,20240520151500-270,1855,629,16.898,ok,False,
2026-05-22T01:14:50.529122+00:00,eval_v4_minimax-m2-7,v4,minimax/minimax-m2.7,False,20240506151500-831,1807,484,9.72,ok,False,
2026-05-22T01:14:55.103162+00:00,eval_v4_minimax-m2-7,v4,minimax/minimax-m2.7,False,20240502100000-1223,1806,530,10.311,ok,False,
2026-05-22T01:14:42.537478+00:00,eval_v4_minimax-m2-7,v4,minimax/minimax-m2.7,False,20240517140000-872,1829,526,25.441,ok,False,
2026-05-22T01:14:53.088321+00:00,eval_v4_minimax-m2-7,v4,minimax/minimax-m2.7,False,20240507063000-270,1839,1024,22.927,parse_error,False,Expecting value: line 1 column 1 (char 0)
2026-05-22T01:15:05.415454+00:00,eval_v4_minimax-m2-7,v4,minimax/minimax-m2.7,False,20240514154500-1256,1745,580,17.154,ok,False,
2026-05-22T01:15:17.016125+00:00,eval_v4_minimax-m2-7,v4,minimax/minimax-m2.7,False,20240507063000-270,1841,970,5.675,ok,False,
2026-05-22T01:15:07.979278+00:00,eval_v4_minimax-m2-7,v4,minimax/minimax-m2.7,False,20240524163000-678,1824,549,20.086,ok,False,
2026-05-22T01:15:00.250156+00:00,eval_v4_minimax-m2-7,v4,minimax/minimax-m2.7,False,20240508180000-2095,1753,558,29.902,ok,False,
2026-05-22T01:14:34.067822+00:00,eval_v4_minimax-m2-7,v4,minimax/minimax-m2.7,False,20240611030000-971,1818,1024,59.422,parse_error,False,Expecting value: line 1 column 1 (char 0)
2026-05-22T01:14:44.231124+00:00,eval_v4_minimax-m2-7,v4,minimax/minimax-m2.7,False,20240520114500-847,1799,774,49.701,ok,False,
2026-05-22T01:14:51.576469+00:00,eval_v4_minimax-m2-7,v4,minimax/minimax-m2.7,False,20240610103000-502,1824,738,44.515,ok,False,
2026-05-22T01:14:46.952095+00:00,eval_v4_minimax-m2-7,v4,minimax/minimax-m2.7,False,20240508213000-451,1855,1024,49.437,parse_error,False,Expecting value: line 1 column 1 (char 0)
2026-05-22T01:15:22.692642+00:00,eval_v4_minimax-m2-7,v4,minimax/minimax-m2.7,False,20240526154500-389,1717,488,15.408,ok,False,
2026-05-22T01:15:22.570283+00:00,eval_v4_minimax-m2-7,v4,minimax/minimax-m2.7,False,20240531070000-642,1809,584,18.823,ok,False,
2026-05-22T01:15:30.153397+00:00,eval_v4_minimax-m2-7,v4,minimax/minimax-m2.7,False,20240529161500-1430,1778,643,14.242,ok,False,
2026-05-22T01:15:28.065833+00:00,eval_v4_minimax-m2-7,v4,minimax/minimax-m2.7,False,20240528200000-439,1831,530,17.77,ok,False,
2026-05-22T01:15:33.932961+00:00,eval_v4_minimax-m2-7,v4,minimax/minimax-m2.7,False,20240527074500-1089,1841,537,12.192,ok,False,
2026-05-22T01:15:36.092616+00:00,eval_v4_minimax-m2-7,v4,minimax/minimax-m2.7,False,20240616184500-527,1836,582,12.236,ok,False,
2026-05-22T01:15:35.491128+00:00,eval_v4_minimax-m2-7,v4,minimax/minimax-m2.7,False,20240611030000-971,1816,641,14.332,ok,False,
2026-05-22T01:15:38.390439+00:00,eval_v4_minimax-m2-7,v4,minimax/minimax-m2.7,False,20240508213000-451,1853,718,15.14,ok,False,
2026-05-22T01:15:38.101278+00:00,eval_v4_minimax-m2-7,v4,minimax/minimax-m2.7,False,20240616180000-576,1852,438,15.549,ok,False,
2026-05-22T01:15:44.396448+00:00,eval_v4_minimax-m2-7,v4,minimax/minimax-m2.7,False,20240606183000-5,1846,619,13.484,ok,False,
2026-05-22T01:15:46.126201+00:00,eval_v4_minimax-m2-7,v4,minimax/minimax-m2.7,False,20240610133000-1265,1811,573,12.444,ok,False,
2026-05-22T01:15:41.393795+00:00,eval_v4_minimax-m2-7,v4,minimax/minimax-m2.7,False,20240608021500-87,1804,563,19.043,ok,False,
2026-05-22T01:15:48.329935+00:00,eval_v4_minimax-m2-7,v4,minimax/minimax-m2.7,False,20240628073000-449,1818,685,13.005,ok,False,
2026-05-22T01:15:49.823863+00:00,eval_v4_minimax-m2-7,v4,minimax/minimax-m2.7,False,20240620054500-910,1825,574,15.557,ok,False,
2026-05-22T01:15:53.531082+00:00,eval_v4_minimax-m2-7,v4,minimax/minimax-m2.7,False,20240620144500-1015,1793,523,14.198,ok,False,
2026-05-22T01:16:01.336198+00:00,eval_v4_minimax-m2-7,v4,minimax/minimax-m2.7,False,20240515073000-153,1800,519,9.295,ok,False,
2026-05-22T01:15:57.881524+00:00,eval_v4_minimax-m2-7,v4,minimax/minimax-m2.7,False,20240622100000-420,1882,714,15.1,ok,False,
2026-05-22T01:15:53.651173+00:00,eval_v4_minimax-m2-7,v4,minimax/minimax-m2.7,False,20240624123000-1202,1832,533,23.251,ok,False,
2026-05-22T01:15:58.570658+00:00,eval_v4_minimax-m2-7,v4,minimax/minimax-m2.7,False,20240626204500-351,1814,571,19.052,ok,False,
2026-05-22T01:15:45.837144+00:00,eval_v4_minimax-m2-7,v4,minimax/minimax-m2.7,False,20240606151500-1908,1826,984,31.974,ok,False,
2026-05-22T01:16:10.631927+00:00,eval_v4_minimax-m2-7,v4,minimax/minimax-m2.7,False,20240517181500-1725,1793,641,12.142,ok,False,
2026-05-22T01:16:12.982704+00:00,eval_v4_minimax-m2-7,v4,minimax/minimax-m2.7,False,20240517160000-1244,1845,388,11.988,ok,False,
2026-05-22T01:16:17.623125+00:00,eval_v4_minimax-m2-7,v4,minimax/minimax-m2.7,False,20240503010000-267,1818,379,7.492,ok,False,
2026-05-22T01:16:07.730462+00:00,eval_v4_minimax-m2-7,v4,minimax/minimax-m2.7,False,20240520130000-1544,1833,411,17.477,ok,False,
2026-05-22T01:16:00.438941+00:00,eval_v4_minimax-m2-7,v4,minimax/minimax-m2.7,False,20240520164500-870,1828,1024,26.551,parse_error,False,Expecting value: line 1 column 1 (char 0)
2026-05-22T01:16:25.208058+00:00,eval_v4_minimax-m2-7,v4,minimax/minimax-m2.7,False,20240604100000-318,1783,592,3.523,ok,False,
2026-05-22T01:16:24.971635+00:00,eval_v4_minimax-m2-7,v4,minimax/minimax-m2.7,False,20240513100000-568,1869,197,3.817,ok,False,
2026-05-22T01:16:16.903437+00:00,eval_v4_minimax-m2-7,v4,minimax/minimax-m2.7,False,20240508164500-556,1860,626,12.702,ok,False,
2026-05-22T01:16:05.381876+00:00,eval_v4_minimax-m2-7,v4,minimax/minimax-m2.7,False,20240520124500-304,1835,1024,25.852,parse_error,False,Expecting value: line 1 column 1 (char 0)
2026-05-22T01:16:17.812328+00:00,eval_v4_minimax-m2-7,v4,minimax/minimax-m2.7,False,20240509180000-898,1793,564,14.844,ok,False,
2026-05-22T01:16:22.774862+00:00,eval_v4_minimax-m2-7,v4,minimax/minimax-m2.7,False,20240429033000-863,1777,709,18.474,ok,False,
2026-05-22T01:16:29.606330+00:00,eval_v4_minimax-m2-7,v4,minimax/minimax-m2.7,False,20240531100000-1152,1835,554,11.806,ok,False,
2026-05-22T01:16:25.115670+00:00,eval_v4_minimax-m2-7,v4,minimax/minimax-m2.7,False,20240513053000-683,1822,530,19.115,ok,False,
2026-05-22T01:16:28.732784+00:00,eval_v4_minimax-m2-7,v4,minimax/minimax-m2.7,False,20240602220000-723,1800,609,16.445,ok,False,
2026-05-22T01:16:32.657482+00:00,eval_v4_minimax-m2-7,v4,minimax/minimax-m2.7,False,20240529210000-812,1842,663,13.796,ok,False,
2026-05-22T01:16:27.991418+00:00,eval_v4_minimax-m2-7,v4,minimax/minimax-m2.7,False,20240520164500-870,1827,719,20.523,ok,False,
2026-05-22T01:16:28.789820+00:00,eval_v4_minimax-m2-7,v4,minimax/minimax-m2.7,False,20240531094500-623,1795,661,27.549,ok,False,
2026-05-22T01:16:44.231190+00:00,eval_v4_minimax-m2-7,v4,minimax/minimax-m2.7,False,20220905180000-852,1711,675,14.348,ok,False,
2026-05-22T01:16:56.340438+00:00,eval_v4_minimax-m2-7,v4,minimax/minimax-m2.7,False,20240524144500-644,1804,476,2.74,ok,False,
2026-05-22T01:16:41.413285+00:00,eval_v4_minimax-m2-7,v4,minimax/minimax-m2.7,False,20230307231500-299,1823,595,18.314,ok,False,
2026-05-22T01:16:48.514929+00:00,eval_v4_minimax-m2-7,v4,minimax/minimax-m2.7,False,20230324184500-791,1768,677,14.083,ok,False,
2026-05-22T01:16:45.178171+00:00,eval_v4_minimax-m2-7,v4,minimax/minimax-m2.7,False,20220713174500-1120,1848,681,17.483,ok,False,
2026-05-22T01:16:41.249610+00:00,eval_v4_minimax-m2-7,v4,minimax/minimax-m2.7,False,20240527114500-559,1807,609,23.528,ok,False,
2026-05-22T01:16:32.235446+00:00,eval_v4_minimax-m2-7,v4,minimax/minimax-m2.7,False,20240520124500-304,1835,1024,32.965,parse_error,False,Unterminated string starting at: line 5 column 16 (char 108)
2026-05-22T01:16:59.727919+00:00,eval_v4_minimax-m2-7,v4,minimax/minimax-m2.7,False,20230315194500-159,1800,548,10.515,ok,False,
2026-05-22T01:17:02.598641+00:00,eval_v4_minimax-m2-7,v4,minimax/minimax-m2.7,False,20240429034500-278,1835,345,10.822,ok,False,
2026-05-22T01:16:59.081266+00:00,eval_v4_minimax-m2-7,v4,minimax/minimax-m2.7,False,20240314163000-863,1788,582,14.521,ok,False,
2026-05-22T01:16:46.454977+00:00,eval_v4_minimax-m2-7,v4,minimax/minimax-m2.7,False,20240524194500-1103,1826,1024,27.539,parse_error,False,Expecting value: line 1 column 1 (char 0)
2026-05-22T01:17:07.202324+00:00,eval_v4_minimax-m2-7,v4,minimax/minimax-m2.7,False,20240520124500-304,1835,695,17.556,ok,False,
2026-05-22T01:17:14.995300+00:00,eval_v4_minimax-m2-7,v4,minimax/minimax-m2.7,False,20240524194500-1103,1826,1024,27.4,parse_error,False,Expecting value: line 1 column 1 (char 0)
2026-05-22T01:16:58.579893+00:00,eval_v4_minimax-m2-7,v4,minimax/minimax-m2.7,False,20240602224500-116,1756,728,60.364,ok,False,
2026-05-22T01:17:44.396728+00:00,eval_v4_minimax-m2-7,v4,minimax/minimax-m2.7,False,20240524194500-1103,1826,1024,32.224,parse_error,False,Expecting value: line 1 column 1 (char 0)
2026-05-22T01:18:19.829866+00:00,eval_v4,v4,deepseek/deepseek-v4-flash,False,20220830093000-457,1850,88,3.237,ok,False,
2026-05-22T01:18:19.828073+00:00,eval_v4,v4,deepseek/deepseek-v4-flash,False,20220817130000-492,1838,198,4.255,ok,False,
2026-05-22T01:18:19.829541+00:00,eval_v4,v4,deepseek/deepseek-v4-flash,False,20220817090000-905,1907,375,5.93,ok,False,
2026-05-22T01:18:19.829340+00:00,eval_v4,v4,deepseek/deepseek-v4-flash,False,20220819170000-810,1944,558,6.626,ok,False,
2026-05-22T01:18:24.084101+00:00,eval_v4,v4,deepseek/deepseek-v4-flash,False,20220906060000-424,1919,87,2.425,ok,False,
2026-05-22T01:18:26.456175+00:00,eval_v4,v4,deepseek/deepseek-v4-flash,False,20220901063000-821,1711,328,3.614,ok,False,
2026-05-22T01:18:25.760025+00:00,eval_v4,v4,deepseek/deepseek-v4-flash,False,20220908083000-565,1901,353,5.192,ok,False,
2026-05-22T01:18:19.829676+00:00,eval_v4,v4,deepseek/deepseek-v4-flash,False,20220819081500-848,1874,796,14.154,ok,False,
2026-05-22T01:18:26.509788+00:00,eval_v4,v4,deepseek/deepseek-v4-flash,False,20220902104500-1051,1879,823,8.517,ok,False,
2026-05-22T01:18:30.070961+00:00,eval_v4,v4,deepseek/deepseek-v4-flash,False,20220905093000-1,1888,526,5.02,ok,False,
2026-05-22T01:18:30.953190+00:00,eval_v4,v4,deepseek/deepseek-v4-flash,False,20220731070000-516,1871,519,5.957,ok,False,
2026-05-22T01:18:33.984900+00:00,eval_v4,v4,deepseek/deepseek-v4-flash,False,20220726094500-172,1697,330,4.436,ok,False,
2026-05-22T01:18:35.027441+00:00,eval_v4,v4,deepseek/deepseek-v4-flash,False,20220726223000-1514,1920,626,5.618,ok,False,
2026-05-22T01:18:35.091703+00:00,eval_v4,v4,deepseek/deepseek-v4-flash,False,20220727060000-210,1836,794,7.763,ok,False,
2026-05-22T01:18:16.621901+00:00,eval_v4_minimax-m2-7,v4,minimax/minimax-m2.7,False,20240524194500-1103,1826,624,27.144,ok,True,
2026-05-22T01:18:40.647010+00:00,eval_v4,v4,deepseek/deepseek-v4-flash,False,20220713094500-845,1978,178,3.128,ok,False,
2026-05-22T01:18:36.910747+00:00,eval_v4,v4,deepseek/deepseek-v4-flash,False,20220726160000-336,1926,504,8.748,ok,False,
2026-05-22T01:18:38.421693+00:00,eval_v4,v4,deepseek/deepseek-v4-flash,False,20220727064500-317,1744,797,7.898,ok,False,
2026-05-22T01:18:43.776429+00:00,eval_v4,v4,deepseek/deepseek-v4-flash,False,20220725081500-40,1757,293,3.526,ok,False,
2026-05-22T01:18:42.855819+00:00,eval_v4,v4,deepseek/deepseek-v4-flash,False,20220724103000-482,1732,515,6.58,ok,False,
2026-05-22T01:18:47.302995+00:00,eval_v4,v4,deepseek/deepseek-v4-flash,False,20220719030000-327,1917,588,5.282,ok,False,
2026-05-22T01:18:49.436747+00:00,eval_v4,v4,deepseek/deepseek-v4-flash,False,20220802153000-1593,1930,414,7.025,ok,False,
2026-05-22T01:18:56.463181+00:00,eval_v4,v4,deepseek/deepseek-v4-flash,False,20220816134500-167,1822,74,1.816,ok,False,
2026-05-22T01:18:52.586280+00:00,eval_v4,v4,deepseek/deepseek-v4-flash,False,20220815110000-231,1888,695,7.699,ok,False,
2026-05-22T01:18:58.279683+00:00,eval_v4,v4,deepseek/deepseek-v4-flash,False,20220809070000-796,1888,95,4.197,ok,False,
2026-05-22T01:19:00.286169+00:00,eval_v4,v4,deepseek/deepseek-v4-flash,False,20220816071500-575,1923,357,5.416,ok,False,
2026-05-22T01:19:02.477131+00:00,eval_v4,v4,deepseek/deepseek-v4-flash,False,20220808114500-736,1913,198,3.384,ok,False,
2026-05-22T01:19:05.703097+00:00,eval_v4,v4,deepseek/deepseek-v4-flash,False,20220819001500-96,1933,303,3.19,ok,False,
2026-05-22T01:19:05.862499+00:00,eval_v4,v4,deepseek/deepseek-v4-flash,False,20220824173000-628,1927,193,3.967,ok,False,
2026-05-22T01:18:23.068122+00:00,eval_v4,v4,deepseek/deepseek-v4-flash,False,20220901120000-1086,1749,388,48.45,ok,False,
2026-05-22T01:18:46.320519+00:00,eval_v4,v4,deepseek/deepseek-v4-flash,False,20220715040000-615,1734,690,26.868,ok,False,
2026-05-22T01:19:09.830100+00:00,eval_v4,v4,deepseek/deepseek-v4-flash,False,20220827200000-400,1911,598,7.47,ok,False,
2026-05-22T01:19:11.519179+00:00,eval_v4,v4,deepseek/deepseek-v4-flash,False,20220830204500-1313,1975,694,6.295,ok,False,
2026-05-22T01:19:13.188929+00:00,eval_v4,v4,deepseek/deepseek-v4-flash,False,20220817170000-1351,1839,304,7.636,ok,False,
2026-05-22T01:19:20.825998+00:00,eval_v4,v4,deepseek/deepseek-v4-flash,False,20220908150000-1248,1889,343,4.097,ok,False,
2026-05-22T01:19:17.815325+00:00,eval_v4,v4,deepseek/deepseek-v4-flash,False,20220905153000-1100,1894,810,7.267,ok,False,
2026-05-22T01:19:17.301108+00:00,eval_v4,v4,deepseek/deepseek-v4-flash,False,20220902054500-567,1812,87,14.876,ok,False,
2026-05-22T01:19:25.082853+00:00,eval_v4,v4,deepseek/deepseek-v4-flash,False,20220905190000-845,1834,889,8.425,ok,False,
2026-05-22T01:19:24.924375+00:00,eval_v4,v4,deepseek/deepseek-v4-flash,False,20220901224500-451,1900,1024,9.778,parse_error,False,Unterminated string starting at: line 5 column 16 (char 79)
2026-05-22T01:19:33.508627+00:00,eval_v4,v4,deepseek/deepseek-v4-flash,False,20220801174500-899,1954,65,3.632,ok,False,
2026-05-22T01:19:32.178054+00:00,eval_v4,v4,deepseek/deepseek-v4-flash,False,20220831090000-1081,1754,282,5.938,ok,False,
2026-05-22T01:19:35.704137+00:00,eval_v4,v4,deepseek/deepseek-v4-flash,False,20220901224500-451,1900,615,5.437,ok,False,
2026-05-22T01:19:37.141300+00:00,eval_v4,v4,deepseek/deepseek-v4-flash,False,20220801231500-838,1902,77,4.594,ok,False,
2026-05-22T01:19:38.116535+00:00,eval_v4,v4,deepseek/deepseek-v4-flash,False,20220730064500-178,1875,94,4.365,ok,False,
2026-05-22T01:19:41.142348+00:00,eval_v4,v4,deepseek/deepseek-v4-flash,False,20220731194500-562,1874,83,2.137,ok,False,
2026-05-22T01:19:43.280379+00:00,eval_v4,v4,deepseek/deepseek-v4-flash,False,20220712173000-919,1893,217,5.694,ok,False,
2026-05-22T01:19:48.975013+00:00,eval_v4,v4,deepseek/deepseek-v4-flash,False,20220722223000-621,1930,75,2.81,ok,False,
2026-05-22T01:19:51.785909+00:00,eval_v4,v4,deepseek/deepseek-v4-flash,False,20220717201500-613,1813,93,2.761,ok,False,
2026-05-22T01:18:45.660667+00:00,eval_v4,v4,deepseek/deepseek-v4-flash,False,20220712111500-1125,1922,613,71.546,ok,False,
2026-05-22T01:19:57.208021+00:00,eval_v4,v4,deepseek/deepseek-v4-flash,False,20220714231500-1030,1910,248,2.977,ok,False,
2026-05-22T01:19:54.548278+00:00,eval_v4,v4,deepseek/deepseek-v4-flash,False,20220725113000-1055,1833,854,10.594,ok,False,
2026-05-22T01:20:00.185751+00:00,eval_v4,v4,deepseek/deepseek-v4-flash,False,20220722151500-1483,1899,766,6.257,ok,False,
2026-05-22T01:19:08.894482+00:00,eval_v4,v4,deepseek/deepseek-v4-flash,False,20220819234500-955,1853,319,59.405,ok,False,
2026-05-22T01:19:41.735778+00:00,eval_v4,v4,deepseek/deepseek-v4-flash,False,20220726210000-1713,1900,343,28.234,ok,False,
2026-05-22T01:20:05.143786+00:00,eval_v4,v4,deepseek/deepseek-v4-flash,False,20220804070000-141,1912,531,5.85,ok,False,
2026-05-22T01:20:06.443443+00:00,eval_v4,v4,deepseek/deepseek-v4-flash,False,20220807103000-261,1841,800,6.585,ok,False,
2026-05-22T01:20:09.970374+00:00,eval_v4,v4,deepseek/deepseek-v4-flash,False,20220804114500-1454,1843,79,3.238,ok,False,
2026-05-22T01:20:13.209977+00:00,eval_v4,v4,deepseek/deepseek-v4-flash,False,20230318053000-52,1863,79,2.449,ok,False,
2026-05-22T01:20:08.300994+00:00,eval_v4,v4,deepseek/deepseek-v4-flash,False,20220815001500-457,1844,1025,8.732,parse_error,False,Expecting value: line 1 column 1 (char 0)
2026-05-22T01:20:10.995330+00:00,eval_v4,v4,deepseek/deepseek-v4-flash,False,20220812094500-758,1884,661,6.108,ok,False,
2026-05-22T01:20:13.029354+00:00,eval_v4,v4,deepseek/deepseek-v4-flash,False,20220814040000-184,1790,436,4.234,ok,False,
2026-05-22T01:20:17.264428+00:00,eval_v4,v4,deepseek/deepseek-v4-flash,False,20230318124500-265,1819,343,3.822,ok,False,
2026-05-22T01:20:15.660612+00:00,eval_v4,v4,deepseek/deepseek-v4-flash,False,20230308193000-1627,1956,591,5.718,ok,False,
2026-05-22T01:20:17.104759+00:00,eval_v4,v4,deepseek/deepseek-v4-flash,False,20230306114500-432,1922,358,5.139,ok,False,
2026-05-22T01:20:18.034532+00:00,eval_v4,v4,deepseek/deepseek-v4-flash,False,20220815001500-457,1844,1025,7.24,parse_error,False,Expecting value: line 1 column 1 (char 0)
2026-05-22T01:20:21.087422+00:00,eval_v4,v4,deepseek/deepseek-v4-flash,False,20230318091500-312,1930,101,4.522,ok,False,
2026-05-22T01:20:21.379973+00:00,eval_v4,v4,deepseek/deepseek-v4-flash,False,20230312203000-323,1912,753,9.488,ok,False,
2026-05-22T01:20:25.610795+00:00,eval_v4,v4,deepseek/deepseek-v4-flash,False,20230323210000-1965,1861,101,5.599,ok,False,
2026-05-22T01:20:22.244369+00:00,eval_v4,v4,deepseek/deepseek-v4-flash,False,20230326054500-809,1804,749,10.992,ok,False,
2026-05-22T01:20:27.276277+00:00,eval_v4,v4,deepseek/deepseek-v4-flash,False,20220815001500-457,1844,847,8.328,ok,False,
2026-05-22T01:20:31.210726+00:00,eval_v4,v4,deepseek/deepseek-v4-flash,False,20230320133000-1135,1868,439,4.662,ok,False,
2026-05-22T01:20:30.868811+00:00,eval_v4,v4,deepseek/deepseek-v4-flash,False,20230327151500-1344,1900,346,5.652,ok,False,
2026-05-22T01:20:33.236863+00:00,eval_v4,v4,deepseek/deepseek-v4-flash,False,20230320053000-590,1854,540,4.983,ok,False,
2026-05-22T01:20:35.605456+00:00,eval_v4,v4,deepseek/deepseek-v4-flash,False,20230323210000-1297,1849,103,3.597,ok,False,
2026-05-22T01:20:35.873745+00:00,eval_v4,v4,deepseek/deepseek-v4-flash,False,20230217081500-320,1885,239,4.534,ok,False,
2026-05-22T01:20:40.409121+00:00,eval_v4,v4,deepseek/deepseek-v4-flash,False,20230217074500-382,1879,341,3.767,ok,False,
2026-05-22T01:20:39.203458+00:00,eval_v4,v4,deepseek/deepseek-v4-flash,False,20230216114500-692,1924,306,5.193,ok,False,
2026-05-22T01:20:38.221255+00:00,eval_v4,v4,deepseek/deepseek-v4-flash,False,20230215153000-757,1845,740,6.355,ok,False,
2026-05-22T01:20:44.397476+00:00,eval_v4,v4,deepseek/deepseek-v4-flash,False,20230208130000-619,1942,77,3.384,ok,False,
2026-05-22T01:20:44.177370+00:00,eval_v4,v4,deepseek/deepseek-v4-flash,False,20230215181500-127,1859,285,4.79,ok,False,
2026-05-22T01:20:44.577399+00:00,eval_v4,v4,deepseek/deepseek-v4-flash,False,20230208170000-723,1940,751,6.604,ok,False,
2026-05-22T01:20:47.781920+00:00,eval_v4,v4,deepseek/deepseek-v4-flash,False,20230208033000-627,1763,364,5.197,ok,False,
2026-05-22T01:20:52.980187+00:00,eval_v4,v4,deepseek/deepseek-v4-flash,False,20230126184500-1687,1880,532,4.785,ok,False,
2026-05-22T01:20:48.968667+00:00,eval_v4,v4,deepseek/deepseek-v4-flash,False,20230130063000-462,1898,712,9.686,ok,False,
2026-05-22T01:20:51.182756+00:00,eval_v4,v4,deepseek/deepseek-v4-flash,False,20230203124500-65,1852,643,7.632,ok,False,
2026-05-22T01:20:57.766277+00:00,eval_v4,v4,deepseek/deepseek-v4-flash,False,20230226224500-4,1923,606,4.94,ok,False,
2026-05-22T01:20:58.815182+00:00,eval_v4,v4,deepseek/deepseek-v4-flash,False,20230301090000-781,1935,334,4.001,ok,False,
2026-05-22T01:20:58.655954+00:00,eval_v4,v4,deepseek/deepseek-v4-flash,False,20230222144500-72,1868,88,4.165,ok,False,
2026-05-22T01:21:02.821853+00:00,eval_v4,v4,deepseek/deepseek-v4-flash,False,20230303060000-277,1855,331,3.817,ok,False,
2026-05-22T01:21:02.817065+00:00,eval_v4,v4,deepseek/deepseek-v4-flash,False,20230301180000-470,1878,73,4.163,ok,False,
2026-05-22T01:21:02.706794+00:00,eval_v4,v4,deepseek/deepseek-v4-flash,False,20230226194500-418,1875,482,5.422,ok,False,
2026-05-22T01:21:08.130016+00:00,eval_v4,v4,deepseek/deepseek-v4-flash,False,20230305181500-412,1892,425,4.535,ok,False,
2026-05-22T01:21:06.640274+00:00,eval_v4,v4,deepseek/deepseek-v4-flash,False,20230313061500-394,1869,1062,9.379,ok,False,
2026-05-22T01:21:12.665593+00:00,eval_v4,v4,deepseek/deepseek-v4-flash,False,20230307123000-217,1858,107,4.764,ok,False,
2026-05-22T01:21:16.019915+00:00,eval_v4,v4,deepseek/deepseek-v4-flash,False,20230316171500-198,1841,842,7.492,ok,False,
2026-05-22T01:21:17.430822+00:00,eval_v4,v4,deepseek/deepseek-v4-flash,False,20230316214500-645,1888,550,6.38,ok,False,
2026-05-22T01:21:23.513216+00:00,eval_v4,v4,deepseek/deepseek-v4-flash,False,20230325084500-239,1870,93,3.545,ok,False,
2026-05-22T01:21:23.811237+00:00,eval_v4,v4,deepseek/deepseek-v4-flash,False,20230319181500-74,1863,266,7.041,ok,False,
2026-05-22T01:21:27.059538+00:00,eval_v4,v4,deepseek/deepseek-v4-flash,False,20230324080000-2010,1853,453,4.364,ok,False,
2026-05-22T01:21:30.853178+00:00,eval_v4,v4,deepseek/deepseek-v4-flash,False,20230324131500-2565,1906,402,6.248,ok,False,
2026-05-22T01:21:31.424198+00:00,eval_v4,v4,deepseek/deepseek-v4-flash,False,20230324191500-1387,1709,484,8.059,ok,False,
2026-05-22T01:21:39.484447+00:00,eval_v4,v4,deepseek/deepseek-v4-flash,False,20230217191500-1401,1890,298,2.842,ok,False,
2026-05-22T01:21:37.101804+00:00,eval_v4,v4,deepseek/deepseek-v4-flash,False,20230319101500-514,1833,430,5.713,ok,False,
2026-05-22T01:21:42.815510+00:00,eval_v4,v4,deepseek/deepseek-v4-flash,False,20230217173000-1150,1854,516,6.876,ok,False,
2026-05-22T01:21:49.692589+00:00,eval_v4,v4,deepseek/deepseek-v4-flash,False,20230215171500-1053,1858,103,6.409,ok,False,
2026-05-22T01:20:36.521602+00:00,eval_v4,v4,deepseek/deepseek-v4-flash,False,20230213191500-1419,1887,637,81.01,ok,False,
2026-05-22T01:21:56.103160+00:00,eval_v4,v4,deepseek/deepseek-v4-flash,False,20230215081500-127,1800,82,2.893,ok,False,
2026-05-22T01:21:57.532479+00:00,eval_v4,v4,deepseek/deepseek-v4-flash,False,20230216130000-1095,1924,265,3.095,ok,False,
2026-05-22T01:21:58.997333+00:00,eval_v4,v4,deepseek/deepseek-v4-flash,False,20230208181500-257,1884,471,6.636,ok,False,
2026-05-22T01:19:42.483112+00:00,eval_v4,v4,deepseek/deepseek-v4-flash,False,20220729204500-361,1907,1023,148.521,ok,False,
2026-05-22T01:22:00.628555+00:00,eval_v4,v4,deepseek/deepseek-v4-flash,False,20230206171500-229,1809,101,11.186,ok,False,
2026-05-22T01:22:05.634177+00:00,eval_v4,v4,deepseek/deepseek-v4-flash,False,20230202144500-44,1825,879,6.84,ok,False,
2026-05-22T01:22:11.004500+00:00,eval_v4,v4,deepseek/deepseek-v4-flash,False,20230129064500-587,1882,75,3.161,ok,False,
2026-05-22T01:22:12.475082+00:00,eval_v4,v4,deepseek/deepseek-v4-flash,False,20230209234500-346,1915,282,3.718,ok,False,
2026-05-22T01:22:16.194418+00:00,eval_v4,v4,deepseek/deepseek-v4-flash,False,20230223183000-859,1868,94,3.596,ok,False,
2026-05-22T01:21:42.327188+00:00,eval_v4,v4,deepseek/deepseek-v4-flash,False,20230215154500-1567,1878,304,38.94,ok,False,
2026-05-22T01:22:11.815581+00:00,eval_v4,v4,deepseek/deepseek-v4-flash,False,20230203173000-77,1848,571,11.721,ok,False,
2026-05-22T01:22:19.791137+00:00,eval_v4,v4,deepseek/deepseek-v4-flash,False,20230218083000-419,1879,362,3.986,ok,False,
2026-05-22T01:22:14.166768+00:00,eval_v4,v4,deepseek/deepseek-v4-flash,False,20230222173000-512,1915,601,10.381,ok,False,
2026-05-22T01:18:19.829189+00:00,eval_v4,v4,deepseek/deepseek-v4-flash,False,20220822223000-1202,1821,662,246.777,ok,False,
2026-05-22T01:22:23.777953+00:00,eval_v4,v4,deepseek/deepseek-v4-flash,False,20230304140000-16,1936,257,3.895,ok,False,
2026-05-22T01:22:23.537840+00:00,eval_v4,v4,deepseek/deepseek-v4-flash,False,20230220071500-238,1921,263,6.138,ok,False,
2026-05-22T01:22:27.673625+00:00,eval_v4,v4,deepseek/deepseek-v4-flash,False,20240412134500-1029,1896,334,3.478,ok,False,
2026-05-22T01:22:24.548729+00:00,eval_v4,v4,deepseek/deepseek-v4-flash,False,20240409150000-1494,1784,335,6.745,ok,False,
2026-05-22T01:22:21.268471+00:00,eval_v4,v4,deepseek/deepseek-v4-flash,False,20230220103000-273,1917,823,10.082,ok,False,
2026-05-22T01:22:26.606886+00:00,eval_v4,v4,deepseek/deepseek-v4-flash,False,20240403024500-258,1823,88,5.004,ok,False,
2026-05-22T01:22:29.676758+00:00,eval_v4,v4,deepseek/deepseek-v4-flash,False,20240402130000-331,1925,215,3.165,ok,False,
2026-05-22T01:22:31.351142+00:00,eval_v4,v4,deepseek/deepseek-v4-flash,False,20240418091500-281,1975,158,4.128,ok,False,
2026-05-22T01:22:31.612119+00:00,eval_v4,v4,deepseek/deepseek-v4-flash,False,20240422130000-213,1892,86,3.972,ok,False,
2026-05-22T01:22:31.152847+00:00,eval_v4,v4,deepseek/deepseek-v4-flash,False,20240405090000-719,1937,229,5.271,ok,False,
2026-05-22T01:22:32.843263+00:00,eval_v4,v4,deepseek/deepseek-v4-flash,False,20240415173000-1764,1858,410,4.201,ok,False,
2026-05-22T01:22:31.294256+00:00,eval_v4,v4,deepseek/deepseek-v4-flash,False,20240402060000-1067,1909,562,8.17,ok,False,
2026-05-22T01:22:36.425160+00:00,eval_v4,v4,deepseek/deepseek-v4-flash,False,20240418124500-1333,1863,302,3.405,ok,False,
2026-05-22T01:22:35.480311+00:00,eval_v4,v4,deepseek/deepseek-v4-flash,False,20240422130000-1630,1868,655,5.575,ok,False,
2026-05-22T01:22:37.045262+00:00,eval_v4,v4,deepseek/deepseek-v4-flash,False,20240316024500-663,1858,538,6.235,ok,False,
2026-05-22T01:22:35.585327+00:00,eval_v4,v4,deepseek/deepseek-v4-flash,False,20240419161500-726,1923,945,8.195,ok,False,
2026-05-22T01:22:39.465564+00:00,eval_v4,v4,deepseek/deepseek-v4-flash,False,20240314214500-1793,1750,632,5.951,ok,False,
2026-05-22T01:22:39.831335+00:00,eval_v4,v4,deepseek/deepseek-v4-flash,False,20240315060000-911,1922,768,8.493,ok,False,
2026-05-22T01:22:43.281945+00:00,eval_v4,v4,deepseek/deepseek-v4-flash,False,20240315113000-553,1862,521,7.113,ok,False,
2026-05-22T01:22:41.056126+00:00,eval_v4,v4,deepseek/deepseek-v4-flash,False,20240316141500-921,1879,944,9.593,ok,False,
2026-05-22T01:22:43.780904+00:00,eval_v4,v4,deepseek/deepseek-v4-flash,False,20240316134500-321,1868,658,8.936,ok,False,
2026-05-22T01:22:45.417988+00:00,eval_v4,v4,deepseek/deepseek-v4-flash,False,20240301190000-1560,1895,717,7.346,ok,False,
2026-05-22T01:22:50.395578+00:00,eval_v4,v4,deepseek/deepseek-v4-flash,False,20240223130000-108,1846,611,6.212,ok,False,
2026-05-22T01:22:52.765242+00:00,eval_v4,v4,deepseek/deepseek-v4-flash,False,20240229140000-561,1785,474,5.997,ok,False,
2026-05-22T01:22:52.717890+00:00,eval_v4,v4,deepseek/deepseek-v4-flash,False,20240228144500-1680,1818,500,6.313,ok,False,
2026-05-22T01:22:48.325797+00:00,eval_v4,v4,deepseek/deepseek-v4-flash,False,20240223220000-224,1728,808,11.243,ok,False,
2026-05-22T01:22:50.650450+00:00,eval_v4,v4,deepseek/deepseek-v4-flash,False,20240304123000-749,1871,932,10.882,ok,False,
2026-05-22T01:22:58.763111+00:00,eval_v4,v4,deepseek/deepseek-v4-flash,False,20240327200000-0,1877,547,5.459,ok,False,
2026-05-22T01:22:56.608167+00:00,eval_v4,v4,deepseek/deepseek-v4-flash,False,20240321093000-59,1871,948,8.986,ok,False,
2026-05-22T01:22:59.032947+00:00,eval_v4,v4,deepseek/deepseek-v4-flash,False,20240329131500-1086,1856,495,7.193,ok,False,
2026-05-22T01:22:59.570354+00:00,eval_v4,v4,deepseek/deepseek-v4-flash,False,20240327211500-1457,1880,377,6.722,ok,False,
2026-05-22T01:23:01.533082+00:00,eval_v4,v4,deepseek/deepseek-v4-flash,False,20240328190000-471,1860,653,5.841,ok,False,
2026-05-22T01:23:05.595536+00:00,eval_v4,v4,deepseek/deepseek-v4-flash,False,20240409060000-811,1962,445,4.675,ok,False,
2026-05-22T01:23:06.293379+00:00,eval_v4,v4,deepseek/deepseek-v4-flash,False,20240402153000-1461,1836,573,5.325,ok,False,
2026-05-22T01:23:04.223443+00:00,eval_v4,v4,deepseek/deepseek-v4-flash,False,20240331154500-533,1913,907,8.715,ok,False,
2026-05-22T01:23:07.375268+00:00,eval_v4,v4,deepseek/deepseek-v4-flash,False,20240404071500-649,1920,465,5.828,ok,False,
2026-05-22T01:23:10.271141+00:00,eval_v4,v4,deepseek/deepseek-v4-flash,False,20240411043000-1156,1857,415,5.853,ok,False,
2026-05-22T01:23:13.204139+00:00,eval_v4,v4,deepseek/deepseek-v4-flash,False,20240418100000-1127,1878,198,2.973,ok,False,
2026-05-22T01:23:12.940166+00:00,eval_v4,v4,deepseek/deepseek-v4-flash,False,20240418140000-896,1841,405,4.412,ok,False,
2026-05-22T01:23:11.618985+00:00,eval_v4,v4,deepseek/deepseek-v4-flash,False,20240403094500-785,1928,587,7.225,ok,False,
2026-05-22T01:23:16.124923+00:00,eval_v4,v4,deepseek/deepseek-v4-flash,False,20240418040000-983,1881,74,3.847,ok,False,
2026-05-22T01:23:18.845228+00:00,eval_v4,v4,deepseek/deepseek-v4-flash,False,20240417203000-1025,1972,216,2.53,ok,False,
2026-05-22T01:23:16.178778+00:00,eval_v4,v4,deepseek/deepseek-v4-flash,False,20240419120000-596,1851,570,6.018,ok,False,
2026-05-22T01:23:19.972730+00:00,eval_v4,v4,deepseek/deepseek-v4-flash,False,20240315083000-944,1828,100,4.153,ok,False,
2026-05-22T01:21:06.981324+00:00,eval_v4,v4,deepseek/deepseek-v4-flash,False,20230314110000-830,1836,548,137.356,ok,False,
2026-05-22T01:23:22.198161+00:00,eval_v4,v4,deepseek/deepseek-v4-flash,False,20240316030000-786,1896,531,5.078,ok,False,
2026-05-22T01:23:17.353421+00:00,eval_v4,v4,deepseek/deepseek-v4-flash,False,20240415161500-503,1849,1297,13.007,ok,False,
2026-05-22T01:23:24.338382+00:00,eval_v4,v4,deepseek/deepseek-v4-flash,False,20240315070000-939,1867,813,7.013,ok,False,
2026-05-22T01:23:21.376330+00:00,eval_v4,v4,deepseek/deepseek-v4-flash,False,20240316224500-641,1848,1201,12.163,ok,False,
2026-05-22T01:23:06.226887+00:00,eval_v4,v4,deepseek/deepseek-v4-flash,False,20240402131500-757,1844,802,29.961,ok,False,
2026-05-22T01:23:27.277347+00:00,eval_v4,v4,deepseek/deepseek-v4-flash,False,20240315213000-399,1827,943,9.716,ok,False,
2026-05-22T01:23:24.126216+00:00,eval_v4,v4,deepseek/deepseek-v4-flash,False,20240315133000-1167,1848,93,14.541,ok,False,
2026-05-22T01:23:31.352161+00:00,eval_v4,v4,deepseek/deepseek-v4-flash,False,20240227031500-879,1824,793,9.012,ok,False,
2026-05-22T01:23:30.361025+00:00,eval_v4,v4,deepseek/deepseek-v4-flash,False,20240225154500-186,1846,1127,12.383,ok,False,
2026-05-22T01:23:36.189094+00:00,eval_v4,v4,deepseek/deepseek-v4-flash,False,20240307040000-399,1837,549,6.741,ok,False,
2026-05-22T01:23:33.540259+00:00,eval_v4,v4,deepseek/deepseek-v4-flash,False,20240223130000-210,1906,703,10.047,ok,False,
2026-05-22T01:23:36.996595+00:00,eval_v4,v4,deepseek/deepseek-v4-flash,False,20240227153000-1248,1942,852,8.804,ok,False,
2026-05-22T01:23:38.668954+00:00,eval_v4,v4,deepseek/deepseek-v4-flash,False,20240307033000-1421,1855,707,7.321,ok,False,
2026-05-22T01:23:40.364694+00:00,eval_v4,v4,deepseek/deepseek-v4-flash,False,20240331090000-413,1904,513,6.793,ok,False,
2026-05-22T01:23:42.931074+00:00,eval_v4,v4,deepseek/deepseek-v4-flash,False,20240323094500-273,1868,383,4.668,ok,False,
2026-05-22T01:23:45.802021+00:00,eval_v4,v4,deepseek/deepseek-v4-flash,False,20240325183000-674,1848,96,2.682,ok,False,
2026-05-22T01:23:43.588654+00:00,eval_v4,v4,deepseek/deepseek-v4-flash,False,20240323101500-200,1940,99,4.903,ok,False,
2026-05-22T01:23:45.990887+00:00,eval_v4,v4,deepseek/deepseek-v4-flash,False,20240322103000-798,1883,611,6.328,ok,False,
2026-05-22T01:23:42.744907+00:00,eval_v4,v4,deepseek/deepseek-v4-flash,False,20240322131500-1469,1981,1086,10.037,ok,False,
2026-05-22T01:23:48.492894+00:00,eval_v4,v4,deepseek/deepseek-v4-flash,False,20240611030000-971,1877,125,4.657,ok,False,
2026-05-22T01:23:48.485454+00:00,eval_v4,v4,deepseek/deepseek-v4-flash,False,20240614141500-970,1875,434,4.75,ok,False,
2026-05-22T01:23:47.599497+00:00,eval_v4,v4,deepseek/deepseek-v4-flash,False,20240613083000-822,1875,457,7.483,ok,False,
2026-05-22T01:23:53.236626+00:00,eval_v4,v4,deepseek/deepseek-v4-flash,False,20240626031500-334,1942,138,2.12,ok,False,
2026-05-22T01:23:47.158967+00:00,eval_v4,v4,deepseek/deepseek-v4-flash,False,20240608121500-378,1874,747,8.666,ok,False,
2026-05-22T01:23:52.782556+00:00,eval_v4,v4,deepseek/deepseek-v4-flash,False,20240610103000-502,1881,609,5.839,ok,False,
2026-05-22T01:23:53.150910+00:00,eval_v4,v4,deepseek/deepseek-v4-flash,False,20240622123000-19,1851,602,6.397,ok,False,
2026-05-22T01:23:55.357683+00:00,eval_v4,v4,deepseek/deepseek-v4-flash,False,20240623100000-608,1824,444,4.517,ok,False,
2026-05-22T01:23:55.083349+00:00,eval_v4,v4,deepseek/deepseek-v4-flash,False,20240624123000-925,1849,431,5.532,ok,False,
2026-05-22T01:23:55.825425+00:00,eval_v4,v4,deepseek/deepseek-v4-flash,False,20240620073000-463,1868,533,5.15,ok,False,
2026-05-22T01:23:59.875973+00:00,eval_v4,v4,deepseek/deepseek-v4-flash,False,20240520151500-1380,1924,89,2.266,ok,False,
2026-05-22T01:23:58.622448+00:00,eval_v4,v4,deepseek/deepseek-v4-flash,False,20240624050000-918,1890,298,5.153,ok,False,
2026-05-22T01:23:59.548391+00:00,eval_v4,v4,deepseek/deepseek-v4-flash,False,20240518181500-350,1872,699,6.239,ok,False,
2026-05-22T01:24:02.143051+00:00,eval_v4,v4,deepseek/deepseek-v4-flash,False,20240517140000-872,1886,510,3.866,ok,False,
2026-05-22T01:23:52.319480+00:00,eval_v4,v4,deepseek/deepseek-v4-flash,False,20240609151500-318,1726,441,15.002,ok,False,
2026-05-22T01:24:03.776870+00:00,eval_v4,v4,deepseek/deepseek-v4-flash,False,20240520114500-847,1874,301,3.783,ok,False,
2026-05-22T01:24:00.976436+00:00,eval_v4,v4,deepseek/deepseek-v4-flash,False,20240520101500-1164,1852,601,7.176,ok,False,
2026-05-22T01:24:06.010087+00:00,eval_v4,v4,deepseek/deepseek-v4-flash,False,20240506151500-831,1890,273,2.866,ok,False,
2026-05-22T01:24:05.788046+00:00,eval_v4,v4,deepseek/deepseek-v4-flash,False,20240508213000-451,1929,464,6.029,ok,False,
2026-05-22T01:24:07.561087+00:00,eval_v4,v4,deepseek/deepseek-v4-flash,False,20240502100000-1223,1866,643,5.178,ok,False,
2026-05-22T01:24:08.877307+00:00,eval_v4,v4,deepseek/deepseek-v4-flash,False,20240514154500-1256,1793,472,4.117,ok,False,
2026-05-22T01:24:08.153518+00:00,eval_v4,v4,deepseek/deepseek-v4-flash,False,20240508180000-2095,1803,710,6.836,ok,False,
2026-05-22T01:24:12.995154+00:00,eval_v4,v4,deepseek/deepseek-v4-flash,False,20240526154500-389,1772,211,2.822,ok,False,
2026-05-22T01:24:11.818318+00:00,eval_v4,v4,deepseek/deepseek-v4-flash,False,20240524163000-678,1879,532,5.382,ok,False,
2026-05-22T01:24:14.991142+00:00,eval_v4,v4,deepseek/deepseek-v4-flash,False,20240528200000-439,1895,99,2.372,ok,False,
2026-05-22T01:24:15.818684+00:00,eval_v4,v4,deepseek/deepseek-v4-flash,False,20240529161500-1430,1837,81,1.608,ok,False,
2026-05-22T01:24:17.201356+00:00,eval_v4,v4,deepseek/deepseek-v4-flash,False,20240527074500-1089,1902,109,2.807,ok,False,
2026-05-22T01:24:17.364175+00:00,eval_v4,v4,deepseek/deepseek-v4-flash,False,20240616184500-527,1900,451,5.028,ok,False,
2026-05-22T01:24:07.322573+00:00,eval_v4,v4,deepseek/deepseek-v4-flash,False,20240507063000-270,1894,107,15.347,ok,False,
2026-05-22T01:24:20.009040+00:00,eval_v4,v4,deepseek/deepseek-v4-flash,False,20240608021500-87,1854,93,3.226,ok,False,
2026-05-22T01:24:22.393756+00:00,eval_v4,v4,deepseek/deepseek-v4-flash,False,20240606183000-5,1914,392,4.021,ok,False,
2026-05-22T01:24:17.427407+00:00,eval_v4,v4,deepseek/deepseek-v4-flash,False,20240616180000-576,1913,605,9.148,ok,False,
2026-05-22T01:24:23.236477+00:00,eval_v4,v4,deepseek/deepseek-v4-flash,False,20240610133000-1265,1869,91,3.431,ok,False,
2026-05-22T01:24:00.616863+00:00,eval_v4,v4,deepseek/deepseek-v4-flash,False,20240520151500-270,1938,979,26.177,ok,False,
2026-05-22T01:24:22.670203+00:00,eval_v4,v4,deepseek/deepseek-v4-flash,False,20240606151500-1908,1898,955,7.12,ok,False,
2026-05-22T01:24:26.415365+00:00,eval_v4,v4,deepseek/deepseek-v4-flash,False,20240628073000-449,1876,97,4.217,ok,False,
2026-05-22T01:24:26.576571+00:00,eval_v4,v4,deepseek/deepseek-v4-flash,False,20240620054500-910,1886,595,5.64,ok,False,
2026-05-22T01:24:29.791631+00:00,eval_v4,v4,deepseek/deepseek-v4-flash,False,20240622100000-420,1987,316,6.661,ok,False,
2026-05-22T01:24:32.217058+00:00,eval_v4,v4,deepseek/deepseek-v4-flash,False,20240520164500-870,1889,96,4.24,ok,False,
2026-05-22T01:24:36.453463+00:00,eval_v4,v4,deepseek/deepseek-v4-flash,False,20240515073000-153,1874,194,4.722,ok,False,
2026-05-22T01:24:30.633417+00:00,eval_v4,v4,deepseek/deepseek-v4-flash,False,20240626204500-351,1868,1147,12.953,ok,False,
2026-05-22T01:24:26.795160+00:00,eval_v4,v4,deepseek/deepseek-v4-flash,False,20240624123000-1202,1892,454,22.048,ok,False,
2026-05-22T01:24:43.588233+00:00,eval_v4,v4,deepseek/deepseek-v4-flash,False,20240517181500-1725,1852,648,7.85,ok,False,
2026-05-22T01:24:12.740660+00:00,eval_v4,v4,deepseek/deepseek-v4-flash,False,20240531070000-642,1863,391,39.676,ok,False,
2026-05-22T01:24:41.176584+00:00,eval_v4,v4,deepseek/deepseek-v4-flash,False,20240520130000-1544,1894,455,11.47,ok,False,
2026-05-22T01:24:48.844159+00:00,eval_v4,v4,deepseek/deepseek-v4-flash,False,20240517160000-1244,1929,305,3.821,ok,False,
2026-05-22T01:24:51.439101+00:00,eval_v4,v4,deepseek/deepseek-v4-flash,False,20240508164500-556,1919,412,5.206,ok,False,
2026-05-22T01:24:52.418233+00:00,eval_v4,v4,deepseek/deepseek-v4-flash,False,20240503010000-267,1886,499,5.758,ok,False,
2026-05-22T01:24:56.645811+00:00,eval_v4,v4,deepseek/deepseek-v4-flash,False,20240513100000-568,1943,149,2.086,ok,False,
2026-05-22T01:24:52.666053+00:00,eval_v4,v4,deepseek/deepseek-v4-flash,False,20240429033000-863,1837,1000,6.891,ok,False,
2026-05-22T01:24:52.647755+00:00,eval_v4,v4,deepseek/deepseek-v4-flash,False,20240509180000-898,1859,788,7.305,ok,False,
2026-05-22T01:24:58.176818+00:00,eval_v4,v4,deepseek/deepseek-v4-flash,False,20240513053000-683,1876,366,4.161,ok,False,
2026-05-22T01:24:59.557496+00:00,eval_v4,v4,deepseek/deepseek-v4-flash,False,20240602220000-723,1852,92,4.721,ok,False,
2026-05-22T01:24:59.954157+00:00,eval_v4,v4,deepseek/deepseek-v4-flash,False,20240531094500-623,1843,732,6.782,ok,False,
2026-05-22T01:24:26.668663+00:00,eval_v4,v4,deepseek/deepseek-v4-flash,False,20240620144500-1015,1849,431,40.368,ok,False,
2026-05-22T01:25:07.038070+00:00,eval_v4,v4,deepseek/deepseek-v4-flash,False,20230307231500-299,1891,278,5.156,ok,False,
2026-05-22T01:25:06.736570+00:00,eval_v4,v4,deepseek/deepseek-v4-flash,False,20240527114500-559,1863,366,6.523,ok,False,
2026-05-22T01:25:02.338515+00:00,eval_v4,v4,deepseek/deepseek-v4-flash,False,20240531100000-1152,1899,774,11.032,ok,False,
2026-05-22T01:25:13.371673+00:00,eval_v4,v4,deepseek/deepseek-v4-flash,False,20240524194500-1103,1883,100,2.362,ok,False,
2026-05-22T01:25:12.195221+00:00,eval_v4,v4,deepseek/deepseek-v4-flash,False,20220905180000-852,1774,362,8.204,ok,False,
2026-05-22T01:25:20.400125+00:00,eval_v4,v4,deepseek/deepseek-v4-flash,False,20240524144500-644,1862,223,2.372,ok,False,
2026-05-22T01:25:13.260078+00:00,eval_v4,v4,deepseek/deepseek-v4-flash,False,20220713174500-1120,1898,726,9.593,ok,False,
2026-05-22T01:25:15.734965+00:00,eval_v4,v4,deepseek/deepseek-v4-flash,False,20230324184500-791,1807,871,8.234,ok,False,
2026-05-22T01:25:04.279403+00:00,eval_v4,v4,deepseek/deepseek-v4-flash,False,20240529210000-812,1896,734,20.423,ok,False,
2026-05-22T01:25:24.703341+00:00,eval_v4,v4,deepseek/deepseek-v4-flash,False,20240429034500-278,1889,68,4.298,ok,False,
2026-05-22T01:25:23.970290+00:00,eval_v4,v4,deepseek/deepseek-v4-flash,False,20230315194500-159,1847,529,7.735,ok,False,
2026-05-22T01:25:22.773641+00:00,eval_v4,v4,deepseek/deepseek-v4-flash,False,20240602224500-116,1819,756,9.446,ok,False,
2026-05-22T01:25:22.854526+00:00,eval_v4,v4,deepseek/deepseek-v4-flash,False,20240314163000-863,1841,965,11.431,ok,False,
2026-05-22T01:24:36.457651+00:00,eval_v4,v4,deepseek/deepseek-v4-flash,False,20240520124500-304,1892,724,112.448,ok,False,
2026-05-22T01:24:58.732326+00:00,eval_v4,v4,deepseek/deepseek-v4-flash,False,20240604100000-318,1834,753,116.315,ok,False,
2026-05-22T01:27:30.214204+00:00,eval_v3_minimax-m2-7,v3,minimax/minimax-m2.7,False,20220830093000-457,1587,573,3.99,ok,False,
2026-05-22T01:27:30.213659+00:00,eval_v3_minimax-m2-7,v3,minimax/minimax-m2.7,False,20220906060000-424,1642,576,4.44,ok,False,
2026-05-22T01:27:34.654962+00:00,eval_v3_minimax-m2-7,v3,minimax/minimax-m2.7,False,20220901063000-821,1460,448,3.423,ok,False,
2026-05-22T01:27:30.212580+00:00,eval_v3_minimax-m2-7,v3,minimax/minimax-m2.7,False,20220817130000-492,1574,548,10.393,ok,False,
2026-05-22T01:27:30.214328+00:00,eval_v3_minimax-m2-7,v3,minimax/minimax-m2.7,False,20220819170000-810,1652,568,10.658,ok,False,
2026-05-22T01:27:30.214249+00:00,eval_v3_minimax-m2-7,v3,minimax/minimax-m2.7,False,20220901120000-1086,1495,612,11.304,ok,False,
2026-05-22T01:27:30.213788+00:00,eval_v3_minimax-m2-7,v3,minimax/minimax-m2.7,False,20220822223000-1202,1554,690,12.787,ok,False,
2026-05-22T01:27:30.214104+00:00,eval_v3_minimax-m2-7,v3,minimax/minimax-m2.7,False,20220817090000-905,1628,458,13.297,ok,False,
2026-05-22T01:27:41.519780+00:00,eval_v3_minimax-m2-7,v3,minimax/minimax-m2.7,False,20220726094500-172,1446,375,2.648,ok,False,
2026-05-22T01:27:34.205662+00:00,eval_v3_minimax-m2-7,v3,minimax/minimax-m2.7,False,20220908083000-565,1629,675,13.91,ok,False,
2026-05-22T01:27:40.873005+00:00,eval_v3_minimax-m2-7,v3,minimax/minimax-m2.7,False,20220731070000-516,1599,521,7.953,ok,False,
2026-05-22T01:27:48.827426+00:00,eval_v3_minimax-m2-7,v3,minimax/minimax-m2.7,False,20220713094500-845,1685,453,3.349,ok,False,
2026-05-22T01:27:43.511433+00:00,eval_v3_minimax-m2-7,v3,minimax/minimax-m2.7,False,20220727060000-210,1574,592,8.894,ok,False,
2026-05-22T01:27:48.116939+00:00,eval_v3_minimax-m2-7,v3,minimax/minimax-m2.7,False,20220727064500-317,1484,589,4.341,ok,False,
2026-05-22T01:27:30.213979+00:00,eval_v3_minimax-m2-7,v3,minimax/minimax-m2.7,False,20220819081500-848,1606,590,23.601,ok,False,
2026-05-22T01:27:38.079301+00:00,eval_v3_minimax-m2-7,v3,minimax/minimax-m2.7,False,20220902104500-1051,1608,1024,18.98,parse_error,False,Expecting value: line 1 column 1 (char 0)
2026-05-22T01:27:44.169061+00:00,eval_v3_minimax-m2-7,v3,minimax/minimax-m2.7,False,20220726160000-336,1648,546,13.046,ok,False,
2026-05-22T01:27:53.815468+00:00,eval_v3_minimax-m2-7,v3,minimax/minimax-m2.7,False,20220715040000-615,1480,532,3.532,ok,False,
2026-05-22T01:27:57.215674+00:00,eval_v3_minimax-m2-7,v3,minimax/minimax-m2.7,False,20220719030000-327,1643,657,3.986,ok,False,
2026-05-22T01:27:52.177835+00:00,eval_v3_minimax-m2-7,v3,minimax/minimax-m2.7,False,20220724103000-482,1474,560,10.174,ok,False,
2026-05-22T01:27:43.002367+00:00,eval_v3_minimax-m2-7,v3,minimax/minimax-m2.7,False,20220726223000-1514,1644,623,20.133,ok,False,
2026-05-22T01:27:52.406424+00:00,eval_v3_minimax-m2-7,v3,minimax/minimax-m2.7,False,20220725081500-40,1485,669,10.846,ok,False,
2026-05-22T01:27:40.607175+00:00,eval_v3_minimax-m2-7,v3,minimax/minimax-m2.7,False,20220905093000-1,1610,449,23.675,ok,False,
2026-05-22T01:28:03.253462+00:00,eval_v3_minimax-m2-7,v3,minimax/minimax-m2.7,False,20220816071500-575,1626,617,3.146,ok,False,
2026-05-22T01:27:57.348672+00:00,eval_v3_minimax-m2-7,v3,minimax/minimax-m2.7,False,20220802153000-1593,1652,556,9.316,ok,False,
2026-05-22T01:27:52.459008+00:00,eval_v3_minimax-m2-7,v3,minimax/minimax-m2.7,False,20220712111500-1125,1646,818,16.611,ok,False,
2026-05-22T01:28:01.202347+00:00,eval_v3_minimax-m2-7,v3,minimax/minimax-m2.7,False,20220815110000-231,1610,562,10.335,ok,False,
2026-05-22T01:28:02.353046+00:00,eval_v3_minimax-m2-7,v3,minimax/minimax-m2.7,False,20220816134500-167,1556,363,9.209,ok,False,
2026-05-22T01:28:04.282878+00:00,eval_v3_minimax-m2-7,v3,minimax/minimax-m2.7,False,20220808114500-736,1635,631,11.635,ok,False,
2026-05-22T01:28:06.400668+00:00,eval_v3_minimax-m2-7,v3,minimax/minimax-m2.7,False,20220819001500-96,1650,763,13.983,ok,False,
2026-05-22T01:28:11.562696+00:00,eval_v3_minimax-m2-7,v3,minimax/minimax-m2.7,False,20220830204500-1313,1705,456,9.039,ok,False,
2026-05-22T01:28:11.537989+00:00,eval_v3_minimax-m2-7,v3,minimax/minimax-m2.7,False,20220827200000-400,1650,449,9.275,ok,False,
2026-05-22T01:28:06.665280+00:00,eval_v3_minimax-m2-7,v3,minimax/minimax-m2.7,False,20220824173000-628,1634,602,17.665,ok,False,
2026-05-22T01:28:03.136287+00:00,eval_v3_minimax-m2-7,v3,minimax/minimax-m2.7,False,20220809070000-796,1614,687,21.569,ok,False,
2026-05-22T01:27:58.061772+00:00,eval_v3_minimax-m2-7,v3,minimax/minimax-m2.7,False,20220902104500-1051,1608,1024,28.125,parse_error,False,Expecting value: line 1 column 1 (char 0)
2026-05-22T01:28:09.070834+00:00,eval_v3_minimax-m2-7,v3,minimax/minimax-m2.7,False,20220819234500-955,1590,642,22.465,ok,False,
2026-05-22T01:28:20.813837+00:00,eval_v3_minimax-m2-7,v3,minimax/minimax-m2.7,False,20220908150000-1248,1621,730,11.241,ok,False,
2026-05-22T01:28:20.384096+00:00,eval_v3_minimax-m2-7,v3,minimax/minimax-m2.7,False,20220902054500-567,1547,568,11.774,ok,False,
2026-05-22T01:28:20.602222+00:00,eval_v3_minimax-m2-7,v3,minimax/minimax-m2.7,False,20220905153000-1100,1614,591,12.83,ok,False,
2026-05-22T01:28:24.705700+00:00,eval_v3_minimax-m2-7,v3,minimax/minimax-m2.7,False,20220905190000-845,1571,618,13.477,ok,False,
2026-05-22T01:28:24.331627+00:00,eval_v3_minimax-m2-7,v3,minimax/minimax-m2.7,False,20220901224500-451,1626,567,15.111,ok,False,
2026-05-22T01:28:32.158817+00:00,eval_v3_minimax-m2-7,v3,minimax/minimax-m2.7,False,20220801231500-838,1632,461,8.769,ok,False,
2026-05-22T01:28:33.432932+00:00,eval_v3_minimax-m2-7,v3,minimax/minimax-m2.7,False,20220730064500-178,1586,594,9.724,ok,False,
2026-05-22T01:28:31.536804+00:00,eval_v3_minimax-m2-7,v3,minimax/minimax-m2.7,False,20220831090000-1081,1499,529,13.437,ok,False,
2026-05-22T01:28:40.928463+00:00,eval_v3_minimax-m2-7,v3,minimax/minimax-m2.7,False,20220729204500-361,1635,739,4.473,ok,False,
2026-05-22T01:28:32.055343+00:00,eval_v3_minimax-m2-7,v3,minimax/minimax-m2.7,False,20220801174500-899,1663,717,13.493,ok,False,
2026-05-22T01:28:15.919060+00:00,eval_v3_minimax-m2-7,v3,minimax/minimax-m2.7,False,20220817170000-1351,1572,601,30.274,ok,False,
2026-05-22T01:28:28.187912+00:00,eval_v3_minimax-m2-7,v3,minimax/minimax-m2.7,False,20220902104500-1051,1608,730,18.281,ok,False,
2026-05-22T01:28:45.548743+00:00,eval_v3_minimax-m2-7,v3,minimax/minimax-m2.7,False,20220725113000-1055,1571,595,2.448,ok,False,
2026-05-22T01:28:45.402218+00:00,eval_v3_minimax-m2-7,v3,minimax/minimax-m2.7,False,20220717201500-613,1552,715,3.772,ok,False,
2026-05-22T01:28:38.183459+00:00,eval_v3_minimax-m2-7,v3,minimax/minimax-m2.7,False,20220731194500-562,1611,671,12.764,ok,False,
2026-05-22T01:28:46.193995+00:00,eval_v3_minimax-m2-7,v3,minimax/minimax-m2.7,False,20220714231500-1030,1627,572,9.558,ok,False,
2026-05-22T01:28:39.443565+00:00,eval_v3_minimax-m2-7,v3,minimax/minimax-m2.7,False,20220726210000-1713,1627,1024,18.24,parse_error,False,Expecting value: line 1 column 1 (char 0)
2026-05-22T01:28:44.974993+00:00,eval_v3_minimax-m2-7,v3,minimax/minimax-m2.7,False,20220722223000-621,1660,581,15.281,ok,False,
2026-05-22T01:28:46.469588+00:00,eval_v3_minimax-m2-7,v3,minimax/minimax-m2.7,False,20220722151500-1483,1623,693,15.41,ok,False,
2026-05-22T01:28:47.997239+00:00,eval_v3_minimax-m2-7,v3,minimax/minimax-m2.7,False,20220804070000-141,1636,576,15.657,ok,False,
2026-05-22T01:28:49.174862+00:00,eval_v3_minimax-m2-7,v3,minimax/minimax-m2.7,False,20220807103000-261,1575,846,14.53,ok,False,
2026-05-22T01:28:43.157508+00:00,eval_v3_minimax-m2-7,v3,minimax/minimax-m2.7,False,20220712173000-919,1602,610,21.402,ok,False,
2026-05-22T01:28:58.684833+00:00,eval_v3_minimax-m2-7,v3,minimax/minimax-m2.7,False,20220726210000-1713,1626,840,7.395,ok,False,
2026-05-22T01:29:01.880088+00:00,eval_v3_minimax-m2-7,v3,minimax/minimax-m2.7,False,20220814040000-184,1526,572,4.313,ok,False,
2026-05-22T01:28:50.948026+00:00,eval_v3_minimax-m2-7,v3,minimax/minimax-m2.7,False,20220815001500-457,1574,675,15.979,ok,False,
2026-05-22T01:28:55.752529+00:00,eval_v3_minimax-m2-7,v3,minimax/minimax-m2.7,False,20220804114500-1454,1572,593,13.732,ok,False,
2026-05-22T01:29:00.256553+00:00,eval_v3_minimax-m2-7,v3,minimax/minimax-m2.7,False,20220812094500-758,1610,828,16.199,ok,False,
2026-05-22T01:29:03.705985+00:00,eval_v3_minimax-m2-7,v3,minimax/minimax-m2.7,False,20230308193000-1627,1675,599,13.179,ok,False,
2026-05-22T01:29:04.560504+00:00,eval_v3_minimax-m2-7,v3,minimax/minimax-m2.7,False,20230306114500-432,1635,606,13.257,ok,False,
2026-05-22T01:29:06.193875+00:00,eval_v3_minimax-m2-7,v3,minimax/minimax-m2.7,False,20230318091500-312,1649,607,11.891,ok,False,
2026-05-22T01:29:06.081059+00:00,eval_v3_minimax-m2-7,v3,minimax/minimax-m2.7,False,20230318124500-265,1556,565,14.356,ok,False,
2026-05-22T01:29:09.485251+00:00,eval_v3_minimax-m2-7,v3,minimax/minimax-m2.7,False,20230326054500-809,1544,591,13.51,ok,False,
2026-05-22T01:29:03.654930+00:00,eval_v3_minimax-m2-7,v3,minimax/minimax-m2.7,False,20230318053000-52,1593,954,20.867,ok,False,
2026-05-22T01:29:17.817914+00:00,eval_v3_minimax-m2-7,v3,minimax/minimax-m2.7,False,20230320133000-1135,1604,434,9.834,ok,False,
2026-05-22T01:29:06.928296+00:00,eval_v3_minimax-m2-7,v3,minimax/minimax-m2.7,False,20230312203000-323,1637,577,20.891,ok,False,
2026-05-22T01:29:16.886442+00:00,eval_v3_minimax-m2-7,v3,minimax/minimax-m2.7,False,20230327151500-1344,1629,536,13.338,ok,False,
2026-05-22T01:29:18.085947+00:00,eval_v3_minimax-m2-7,v3,minimax/minimax-m2.7,False,20230320053000-590,1587,675,15.396,ok,False,
2026-05-22T01:29:16.456670+00:00,eval_v3_minimax-m2-7,v3,minimax/minimax-m2.7,False,20230323210000-1965,1596,776,17.502,ok,False,
2026-05-22T01:29:24.522629+00:00,eval_v3_minimax-m2-7,v3,minimax/minimax-m2.7,False,20230213191500-1419,1614,674,14.181,ok,False,
2026-05-22T01:29:22.996362+00:00,eval_v3_minimax-m2-7,v3,minimax/minimax-m2.7,False,20230217081500-320,1594,741,16.378,ok,False,
2026-05-22T01:29:27.819628+00:00,eval_v3_minimax-m2-7,v3,minimax/minimax-m2.7,False,20230216114500-692,1653,559,11.932,ok,False,
2026-05-22T01:29:20.437535+00:00,eval_v3_minimax-m2-7,v3,minimax/minimax-m2.7,False,20230323210000-1297,1575,861,19.888,ok,False,
2026-05-22T01:29:27.653073+00:00,eval_v3_minimax-m2-7,v3,minimax/minimax-m2.7,False,20230215153000-757,1597,658,13.868,ok,False,
2026-05-22T01:29:39.375085+00:00,eval_v3_minimax-m2-7,v3,minimax/minimax-m2.7,False,20230208033000-627,1513,560,3.211,ok,False,
2026-05-22T01:29:38.704625+00:00,eval_v3_minimax-m2-7,v3,minimax/minimax-m2.7,False,20230208170000-723,1659,590,4.291,ok,False,
2026-05-22T01:29:33.483327+00:00,eval_v3_minimax-m2-7,v3,minimax/minimax-m2.7,False,20230215181500-127,1577,494,9.539,ok,False,
2026-05-22T01:29:30.225813+00:00,eval_v3_minimax-m2-7,v3,minimax/minimax-m2.7,False,20230217074500-382,1617,679,13.18,ok,False,
2026-05-22T01:29:33.960180+00:00,eval_v3_minimax-m2-7,v3,minimax/minimax-m2.7,False,20230208130000-619,1664,566,10.679,ok,False,
2026-05-22T01:29:43.023205+00:00,eval_v3_minimax-m2-7,v3,minimax/minimax-m2.7,False,20230301090000-781,1653,606,4.396,ok,False,
2026-05-22T01:29:43.406770+00:00,eval_v3_minimax-m2-7,v3,minimax/minimax-m2.7,False,20230226194500-418,1600,654,6.261,ok,False,
2026-05-22T01:29:47.420029+00:00,eval_v3_minimax-m2-7,v3,minimax/minimax-m2.7,False,20230303060000-277,1589,565,3.195,ok,False,
2026-05-22T01:29:40.326670+00:00,eval_v3_minimax-m2-7,v3,minimax/minimax-m2.7,False,20230203124500-65,1585,643,13.254,ok,False,
2026-05-22T01:29:39.752063+00:00,eval_v3_minimax-m2-7,v3,minimax/minimax-m2.7,False,20230130063000-462,1606,583,14.09,ok,False,
2026-05-22T01:29:44.639758+00:00,eval_v3_minimax-m2-7,v3,minimax/minimax-m2.7,False,20230301180000-470,1605,547,10.692,ok,False,
2026-05-22T01:29:50.616455+00:00,eval_v3_minimax-m2-7,v3,minimax/minimax-m2.7,False,20230314110000-830,1552,572,10.964,ok,False,
2026-05-22T01:29:55.332786+00:00,eval_v3_minimax-m2-7,v3,minimax/minimax-m2.7,False,20230316171500-198,1572,510,7.644,ok,False,
2026-05-22T01:29:53.582022+00:00,eval_v3_minimax-m2-7,v3,minimax/minimax-m2.7,False,20230305181500-412,1627,730,11.209,ok,False,
2026-05-22T01:29:42.996719+00:00,eval_v3_minimax-m2-7,v3,minimax/minimax-m2.7,False,20230222144500-72,1600,575,21.931,ok,False,
2026-05-22T01:29:53.842657+00:00,eval_v3_minimax-m2-7,v3,minimax/minimax-m2.7,False,20230307123000-217,1588,666,12.487,ok,False,
2026-05-22T01:29:41.521810+00:00,eval_v3_minimax-m2-7,v3,minimax/minimax-m2.7,False,20230126184500-1687,1607,1024,25.003,parse_error,False,Expecting value: line 1 column 1 (char 0)
2026-05-22T01:30:02.977984+00:00,eval_v3_minimax-m2-7,v3,minimax/minimax-m2.7,False,20230325084500-239,1608,638,3.745,ok,False,
2026-05-22T01:29:49.668766+00:00,eval_v3_minimax-m2-7,v3,minimax/minimax-m2.7,False,20230313061500-394,1589,884,17.595,ok,False,
2026-05-22T01:29:42.586905+00:00,eval_v3_minimax-m2-7,v3,minimax/minimax-m2.7,False,20230226224500-4,1649,811,27.485,ok,False,
2026-05-22T01:30:04.928974+00:00,eval_v3_minimax-m2-7,v3,minimax/minimax-m2.7,False,20230324080000-2010,1585,698,13.061,ok,False,
2026-05-22T01:30:04.792315+00:00,eval_v3_minimax-m2-7,v3,minimax/minimax-m2.7,False,20230319181500-74,1588,411,16.764,ok,False,
2026-05-22T01:30:06.724054+00:00,eval_v3_minimax-m2-7,v3,minimax/minimax-m2.7,False,20230324191500-1387,1460,615,19.017,ok,False,
2026-05-22T01:30:10.072511+00:00,eval_v3_minimax-m2-7,v3,minimax/minimax-m2.7,False,20230217191500-1401,1625,756,16.043,ok,False,
2026-05-22T01:30:07.264623+00:00,eval_v3_minimax-m2-7,v3,minimax/minimax-m2.7,False,20230319101500-514,1571,488,19.365,ok,False,
2026-05-22T01:30:06.331169+00:00,eval_v3_minimax-m2-7,v3,minimax/minimax-m2.7,False,20230324131500-2565,1629,526,20.421,ok,False,
2026-05-22T01:30:01.581673+00:00,eval_v3_minimax-m2-7,v3,minimax/minimax-m2.7,False,20230316214500-645,1615,1024,26.372,parse_error,False,Expecting value: line 1 column 1 (char 0)
2026-05-22T01:30:07.526103+00:00,eval_v3_minimax-m2-7,v3,minimax/minimax-m2.7,False,20230126184500-1687,1607,553,21.524,ok,False,
2026-05-22T01:30:25.742077+00:00,eval_v3_minimax-m2-7,v3,minimax/minimax-m2.7,False,20230215171500-1053,1591,814,4.831,ok,False,
2026-05-22T01:30:17.990776+00:00,eval_v3_minimax-m2-7,v3,minimax/minimax-m2.7,False,20230215154500-1567,1613,493,16.707,ok,False,
2026-05-22T01:30:26.116734+00:00,eval_v3_minimax-m2-7,v3,minimax/minimax-m2.7,False,20230215081500-127,1553,561,12.957,ok,False,
2026-05-22T01:30:21.557508+00:00,eval_v3_minimax-m2-7,v3,minimax/minimax-m2.7,False,20230217173000-1150,1596,473,17.818,ok,False,
2026-05-22T01:30:29.051167+00:00,eval_v3_minimax-m2-7,v3,minimax/minimax-m2.7,False,20230206171500-229,1545,566,14.919,ok,False,
2026-05-22T01:30:26.753179+00:00,eval_v3_minimax-m2-7,v3,minimax/minimax-m2.7,False,20230208181500-257,1592,868,19.935,ok,False,
2026-05-22T01:30:26.630828+00:00,eval_v3_minimax-m2-7,v3,minimax/minimax-m2.7,False,20230216130000-1095,1647,1024,22.516,parse_error,False,Expecting value: line 1 column 1 (char 0)
2026-05-22T01:30:39.376524+00:00,eval_v3_minimax-m2-7,v3,minimax/minimax-m2.7,False,20230209234500-346,1613,598,12.661,ok,False,
2026-05-22T01:30:30.573911+00:00,eval_v3_minimax-m2-7,v3,minimax/minimax-m2.7,False,20230202144500-44,1551,582,21.613,ok,False,
2026-05-22T01:30:34.698793+00:00,eval_v3_minimax-m2-7,v3,minimax/minimax-m2.7,False,20230129064500-587,1612,450,20.173,ok,False,
2026-05-22T01:30:43.971433+00:00,eval_v3_minimax-m2-7,v3,minimax/minimax-m2.7,False,20230222173000-512,1636,597,12.435,ok,False,
2026-05-22T01:30:46.689408+00:00,eval_v3_minimax-m2-7,v3,minimax/minimax-m2.7,False,20230223183000-859,1606,683,10.315,ok,False,
2026-05-22T01:30:28.954486+00:00,eval_v3_minimax-m2-7,v3,minimax/minimax-m2.7,False,20230316214500-645,1614,575,28.607,ok,False,
2026-05-22T01:30:50.147615+00:00,eval_v3_minimax-m2-7,v3,minimax/minimax-m2.7,False,20230216130000-1095,1645,668,13.611,ok,False,
2026-05-22T01:30:54.872535+00:00,eval_v3_minimax-m2-7,v3,minimax/minimax-m2.7,False,20230220071500-238,1628,568,9.506,ok,False,
2026-05-22T01:30:52.038135+00:00,eval_v3_minimax-m2-7,v3,minimax/minimax-m2.7,False,20230218083000-419,1595,639,12.411,ok,False,
2026-05-22T01:30:57.005153+00:00,eval_v3_minimax-m2-7,v3,minimax/minimax-m2.7,False,20240409150000-1494,1530,482,9.228,ok,False,
2026-05-22T01:31:04.379974+00:00,eval_v3_minimax-m2-7,v3,minimax/minimax-m2.7,False,20240402130000-331,1634,482,1.98,ok,False,
2026-05-22T01:31:04.449537+00:00,eval_v3_minimax-m2-7,v3,minimax/minimax-m2.7,False,20240405090000-719,1640,636,2.854,ok,False,
2026-05-22T01:30:52.187601+00:00,eval_v3_minimax-m2-7,v3,minimax/minimax-m2.7,False,20230220103000-273,1635,702,16.182,ok,False,
2026-05-22T01:30:57.562758+00:00,eval_v3_minimax-m2-7,v3,minimax/minimax-m2.7,False,20240403024500-258,1564,569,11.327,ok,False,
2026-05-22T01:30:56.407636+00:00,eval_v3_minimax-m2-7,v3,minimax/minimax-m2.7,False,20230304140000-16,1651,469,12.794,ok,False,
2026-05-22T01:31:06.361601+00:00,eval_v3_minimax-m2-7,v3,minimax/minimax-m2.7,False,20240418091500-281,1681,420,8.269,ok,False,
2026-05-22T01:31:14.632243+00:00,eval_v3_minimax-m2-7,v3,minimax/minimax-m2.7,False,20240418124500-1333,1596,386,1.627,ok,False,
2026-05-22T01:31:08.370938+00:00,eval_v3_minimax-m2-7,v3,minimax/minimax-m2.7,False,20240415173000-1764,1602,346,8.393,ok,False,
2026-05-22T01:31:06.233796+00:00,eval_v3_minimax-m2-7,v3,minimax/minimax-m2.7,False,20240402060000-1067,1635,539,12.454,ok,False,
2026-05-22T01:31:03.760250+00:00,eval_v3_minimax-m2-7,v3,minimax/minimax-m2.7,False,20240412134500-1029,1606,752,17.681,ok,False,
2026-05-22T01:30:39.074189+00:00,eval_v3_minimax-m2-7,v3,minimax/minimax-m2.7,False,20230203173000-77,1595,1024,42.819,parse_error,False,Expecting value: line 1 column 1 (char 0)
2026-05-22T01:31:08.890368+00:00,eval_v3_minimax-m2-7,v3,minimax/minimax-m2.7,False,20240422130000-1630,1600,642,14.339,ok,False,
2026-05-22T01:31:16.260087+00:00,eval_v3_minimax-m2-7,v3,minimax/minimax-m2.7,False,20240316024500-663,1572,469,11.053,ok,False,
2026-05-22T01:31:09.203513+00:00,eval_v3_minimax-m2-7,v3,minimax/minimax-m2.7,False,20240419161500-726,1636,764,20.324,ok,False,
2026-05-22T01:31:18.689309+00:00,eval_v3_minimax-m2-7,v3,minimax/minimax-m2.7,False,20240315060000-911,1640,560,12.585,ok,False,
2026-05-22T01:31:07.304774+00:00,eval_v3_minimax-m2-7,v3,minimax/minimax-m2.7,False,20240422130000-213,1616,772,24.452,ok,False,
2026-05-22T01:31:22.895489+00:00,eval_v3_minimax-m2-7,v3,minimax/minimax-m2.7,False,20230203173000-77,1595,560,14.132,ok,False,
2026-05-22T01:31:23.230145+00:00,eval_v3_minimax-m2-7,v3,minimax/minimax-m2.7,False,20240315113000-553,1593,633,15.549,ok,False,
2026-05-22T01:31:31.758151+00:00,eval_v3_minimax-m2-7,v3,minimax/minimax-m2.7,False,20240223130000-108,1570,579,10.113,ok,False,
2026-05-22T01:31:29.529199+00:00,eval_v3_minimax-m2-7,v3,minimax/minimax-m2.7,False,20240301190000-1560,1626,622,12.734,parse_error,False,"1 validation error for FrameClassification
frames.1
  Input should be 'security', 'economy', 'democracy', 'identity', 'process' or 'corruption' [type=literal_error, input_value='alliance', input_type=str]
    For further information visit https://errors.pydantic.dev/2.13/v/literal_error"
2026-05-22T01:31:21.442538+00:00,eval_v3_minimax-m2-7,v3,minimax/minimax-m2.7,False,20240316141500-921,1608,968,23.605,ok,False,
2026-05-22T01:31:27.314432+00:00,eval_v3_minimax-m2-7,v3,minimax/minimax-m2.7,False,20240316134500-321,1575,1024,19.056,parse_error,False,Expecting value: line 1 column 1 (char 0)
2026-05-22T01:31:37.028306+00:00,eval_v3_minimax-m2-7,v3,minimax/minimax-m2.7,False,20240304123000-749,1590,553,11.15,ok,False,
2026-05-22T01:31:45.048328+00:00,eval_v3_minimax-m2-7,v3,minimax/minimax-m2.7,False,20240321093000-59,1597,661,3.865,ok,False,
2026-05-22T01:31:38.780331+00:00,eval_v3_minimax-m2-7,v3,minimax/minimax-m2.7,False,20240228144500-1680,1550,603,11.378,ok,False,
2026-05-22T01:31:16.765118+00:00,eval_v3_minimax-m2-7,v3,minimax/minimax-m2.7,False,20240314214500-1793,1493,1024,33.97,parse_error,False,Expecting value: line 1 column 1 (char 0)
2026-05-22T01:31:41.872190+00:00,eval_v3_minimax-m2-7,v3,minimax/minimax-m2.7,False,20240229140000-561,1520,681,11.665,ok,False,
2026-05-22T01:31:31.274752+00:00,eval_v3_minimax-m2-7,v3,minimax/minimax-m2.7,False,20240223220000-224,1476,676,22.536,ok,False,
2026-05-22T01:31:43.264456+00:00,eval_v3_minimax-m2-7,v3,minimax/minimax-m2.7,False,20240301190000-1560,1626,583,12.01,ok,False,
2026-05-22T01:31:50.159095+00:00,eval_v3_minimax-m2-7,v3,minimax/minimax-m2.7,False,20240327211500-1457,1594,918,5.186,ok,False,
2026-05-22T01:31:47.371715+00:00,eval_v3_minimax-m2-7,v3,minimax/minimax-m2.7,False,20240316134500-321,1573,643,13.127,ok,False,
2026-05-22T01:31:53.537900+00:00,eval_v3_minimax-m2-7,v3,minimax/minimax-m2.7,False,20240328190000-471,1589,635,10.624,ok,False,
2026-05-22T01:31:48.178845+00:00,eval_v3_minimax-m2-7,v3,minimax/minimax-m2.7,False,20240327200000-0,1609,619,16.491,ok,False,
2026-05-22T01:31:55.275700+00:00,eval_v3_minimax-m2-7,v3,minimax/minimax-m2.7,False,20240409060000-811,1662,588,12.625,ok,False,
2026-05-22T01:32:00.500012+00:00,eval_v3_minimax-m2-7,v3,minimax/minimax-m2.7,False,20240402153000-1461,1566,584,9.16,ok,False,
2026-05-22T01:31:53.811256+00:00,eval_v3_minimax-m2-7,v3,minimax/minimax-m2.7,False,20240331154500-533,1644,569,16.117,ok,False,
2026-05-22T01:31:55.346414+00:00,eval_v3_minimax-m2-7,v3,minimax/minimax-m2.7,False,20240402131500-757,1578,725,14.839,ok,False,
2026-05-22T01:32:10.186784+00:00,eval_v3_minimax-m2-7,v3,minimax/minimax-m2.7,False,20240418040000-983,1606,526,2.047,ok,False,
2026-05-22T01:31:48.914138+00:00,eval_v3_minimax-m2-7,v3,minimax/minimax-m2.7,False,20240329131500-1086,1592,1024,23.83,parse_error,False,Expecting value: line 1 column 1 (char 0)
2026-05-22T01:32:04.670811+00:00,eval_v3_minimax-m2-7,v3,minimax/minimax-m2.7,False,20240411043000-1156,1582,571,8.878,ok,False,
2026-05-22T01:32:12.235100+00:00,eval_v3_minimax-m2-7,v3,minimax/minimax-m2.7,False,20240419120000-596,1567,597,5.206,ok,False,
2026-05-22T01:31:51.736224+00:00,eval_v3_minimax-m2-7,v3,minimax/minimax-m2.7,False,20240314214500-1793,1493,868,26.066,ok,False,
2026-05-22T01:32:09.661323+00:00,eval_v3_minimax-m2-7,v3,minimax/minimax-m2.7,False,20240418140000-896,1558,652,10.335,ok,False,
2026-05-22T01:32:09.928941+00:00,eval_v3_minimax-m2-7,v3,minimax/minimax-m2.7,False,20240418100000-1127,1593,478,11.452,ok,False,
2026-05-22T01:32:19.997554+00:00,eval_v3_minimax-m2-7,v3,minimax/minimax-m2.7,False,20240316224500-641,1579,561,8.717,ok,False,
2026-05-22T01:32:13.745090+00:00,eval_v3_minimax-m2-7,v3,minimax/minimax-m2.7,False,20240329131500-1086,1592,601,15.517,ok,False,
2026-05-22T01:32:17.441996+00:00,eval_v3_minimax-m2-7,v3,minimax/minimax-m2.7,False,20240417203000-1025,1655,523,14.82,ok,False,
2026-05-22T01:32:17.803017+00:00,eval_v3_minimax-m2-7,v3,minimax/minimax-m2.7,False,20240315083000-944,1565,591,15.801,ok,False,
2026-05-22T01:32:07.901580+00:00,eval_v3_minimax-m2-7,v3,minimax/minimax-m2.7,False,20240403094500-785,1640,842,26.445,ok,False,
2026-05-22T01:32:04.162797+00:00,eval_v3_minimax-m2-7,v3,minimax/minimax-m2.7,False,20240404071500-649,1619,988,32.339,ok,False,
2026-05-22T01:32:13.549806+00:00,eval_v3_minimax-m2-7,v3,minimax/minimax-m2.7,False,20240415161500-503,1578,680,23.475,ok,False,
2026-05-22T01:32:32.263752+00:00,eval_v3_minimax-m2-7,v3,minimax/minimax-m2.7,False,20240315213000-399,1565,902,5.961,ok,False,
2026-05-22T01:32:28.715384+00:00,eval_v3_minimax-m2-7,v3,minimax/minimax-m2.7,False,20240315133000-1167,1571,627,11.309,ok,False,
2026-05-22T01:32:29.262779+00:00,eval_v3_minimax-m2-7,v3,minimax/minimax-m2.7,False,20240315070000-939,1600,632,11.572,ok,False,
2026-05-22T01:32:21.382342+00:00,eval_v3_minimax-m2-7,v3,minimax/minimax-m2.7,False,20240316030000-786,1611,698,20.885,ok,False,
2026-05-22T01:32:42.268241+00:00,eval_v3_minimax-m2-7,v3,minimax/minimax-m2.7,False,20240322131500-1469,0,0,0.363,parse_error,False,Expecting value: line 1 column 1 (char 0)
2026-05-22T01:32:38.225802+00:00,eval_v3_minimax-m2-7,v3,minimax/minimax-m2.7,False,20240227153000-1248,1643,820,4.756,ok,False,
2026-05-22T01:32:42.982624+00:00,eval_v3_minimax-m2-7,v3,minimax/minimax-m2.7,False,20240323094500-273,0,0,0.329,parse_error,False,Expecting value: line 1 column 1 (char 0)
2026-05-22T01:32:43.632904+00:00,eval_v3_minimax-m2-7,v3,minimax/minimax-m2.7,False,20240322131500-1469,0,0,0.336,parse_error,False,Expecting value: line 1 column 1 (char 0)
2026-05-22T01:32:45.970767+00:00,eval_v3_minimax-m2-7,v3,minimax/minimax-m2.7,False,20240322131500-1469,0,0,0.332,parse_error,False,Expecting value: line 1 column 1 (char 0)
2026-05-22T01:32:33.605689+00:00,eval_v3_minimax-m2-7,v3,minimax/minimax-m2.7,False,20240225154500-186,1577,596,12.707,ok,False,
2026-05-22T01:32:37.025157+00:00,eval_v3_minimax-m2-7,v3,minimax/minimax-m2.7,False,20240307040000-399,1574,601,11.946,ok,False,
2026-05-22T01:32:40.025624+00:00,eval_v3_minimax-m2-7,v3,minimax/minimax-m2.7,False,20240307033000-1421,1590,568,12.159,ok,False,
2026-05-22T01:32:34.347670+00:00,eval_v3_minimax-m2-7,v3,minimax/minimax-m2.7,False,20240227031500-879,1557,1024,21.711,parse_error,False,Expecting value: line 1 column 1 (char 0)
2026-05-22T01:32:52.186003+00:00,eval_v3_minimax-m2-7,v3,minimax/minimax-m2.7,False,20240322103000-798,1596,571,4.2,ok,False,
2026-05-22T01:32:40.836286+00:00,eval_v3_minimax-m2-7,v3,minimax/minimax-m2.7,False,20240331090000-413,1616,845,17.176,ok,False,
2026-05-22T01:32:46.313719+00:00,eval_v3_minimax-m2-7,v3,minimax/minimax-m2.7,False,20240323101500-200,1661,581,11.889,ok,False,
2026-05-22T01:32:48.972554+00:00,eval_v3_minimax-m2-7,v3,minimax/minimax-m2.7,False,20240325183000-674,1578,611,11.468,ok,False,
2026-05-22T01:32:44.312778+00:00,eval_v3_minimax-m2-7,v3,minimax/minimax-m2.7,False,20240323094500-273,1600,619,18.609,ok,False,
2026-05-22T01:33:02.922749+00:00,eval_v3_minimax-m2-7,v3,minimax/minimax-m2.7,False,20240609151500-318,0,0,0.335,parse_error,False,Expecting value: line 1 column 1 (char 0)
2026-05-22T01:32:46.303029+00:00,eval_v3_minimax-m2-7,v3,minimax/minimax-m2.7,False,20240322131500-1469,1697,775,19.222,ok,True,
2026-05-22T01:32:58.013128+00:00,eval_v3_minimax-m2-7,v3,minimax/minimax-m2.7,False,20240613083000-822,1612,468,8.311,ok,False,
2026-05-22T01:32:58.203309+00:00,eval_v3_minimax-m2-7,v3,minimax/minimax-m2.7,False,20240614141500-970,1597,552,9.431,ok,False,
2026-05-22T01:32:56.387360+00:00,eval_v3_minimax-m2-7,v3,minimax/minimax-m2.7,False,20240608121500-378,1611,716,12.287,ok,False,
2026-05-22T01:33:08.675370+00:00,eval_v3_minimax-m2-7,v3,minimax/minimax-m2.7,False,20240624123000-925,1561,495,2.74,ok,False,
2026-05-22T01:32:36.502635+00:00,eval_v3_minimax-m2-7,v3,minimax/minimax-m2.7,False,20240223130000-210,1613,1024,37.771,parse_error,False,Expecting value: line 1 column 1 (char 0)
2026-05-22T01:32:57.059728+00:00,eval_v3_minimax-m2-7,v3,minimax/minimax-m2.7,False,20240227031500-879,1557,670,18.196,ok,False,
2026-05-22T01:33:00.441333+00:00,eval_v3_minimax-m2-7,v3,minimax/minimax-m2.7,False,20240611030000-971,1602,730,15.24,ok,False,
2026-05-22T01:33:04.258563+00:00,eval_v3_minimax-m2-7,v3,minimax/minimax-m2.7,False,20240609151500-318,1478,582,18.409,ok,False,
2026-05-22T01:33:05.525939+00:00,eval_v3_minimax-m2-7,v3,minimax/minimax-m2.7,False,20240610103000-502,1610,677,18.504,ok,False,
2026-05-22T01:33:11.416632+00:00,eval_v3_minimax-m2-7,v3,minimax/minimax-m2.7,False,20240623100000-608,1563,734,14.092,ok,False,
2026-05-22T01:33:15.682324+00:00,eval_v3_minimax-m2-7,v3,minimax/minimax-m2.7,False,20240624050000-918,1606,587,11.815,ok,False,
2026-05-22T01:33:15.256814+00:00,eval_v3_minimax-m2-7,v3,minimax/minimax-m2.7,False,20240620073000-463,1601,688,14.08,ok,False,
2026-05-22T01:33:15.275243+00:00,eval_v3_minimax-m2-7,v3,minimax/minimax-m2.7,False,20240223130000-210,1613,625,14.577,ok,False,
2026-05-22T01:33:07.635293+00:00,eval_v3_minimax-m2-7,v3,minimax/minimax-m2.7,False,20240626031500-334,1639,997,24.135,ok,False,
2026-05-22T01:33:22.668854+00:00,eval_v3_minimax-m2-7,v3,minimax/minimax-m2.7,False,20240518181500-350,1577,564,10.985,ok,False,
2026-05-22T01:33:29.337754+00:00,eval_v3_minimax-m2-7,v3,minimax/minimax-m2.7,False,20240517140000-872,1615,525,8.945,ok,False,
2026-05-22T01:33:29.853570+00:00,eval_v3_minimax-m2-7,v3,minimax/minimax-m2.7,False,20240520114500-847,1585,617,9.743,ok,False,
2026-05-22T01:33:31.771686+00:00,eval_v3_minimax-m2-7,v3,minimax/minimax-m2.7,False,20240508213000-451,1641,800,8.597,ok,False,
2026-05-22T01:33:27.498364+00:00,eval_v3_minimax-m2-7,v3,minimax/minimax-m2.7,False,20240520101500-1164,1571,1024,16.546,parse_error,False,Unterminated string starting at: line 5 column 16 (char 98)
2026-05-22T01:33:24.031180+00:00,eval_v3_minimax-m2-7,v3,minimax/minimax-m2.7,False,20240520151500-1380,1639,620,21.346,ok,False,
2026-05-22T01:33:39.597754+00:00,eval_v3_minimax-m2-7,v3,minimax/minimax-m2.7,False,20240502100000-1223,1594,657,5.925,ok,False,
2026-05-22T01:33:25.509800+00:00,eval_v3_minimax-m2-7,v3,minimax/minimax-m2.7,False,20240520151500-270,1642,984,23.987,ok,False,
2026-05-22T01:33:06.325307+00:00,eval_v3_minimax-m2-7,v3,minimax/minimax-m2.7,False,20240622123000-19,1578,826,43.976,ok,False,
2026-05-22T01:33:40.369605+00:00,eval_v3_minimax-m2-7,v3,minimax/minimax-m2.7,False,20240508180000-2095,1538,652,10.707,ok,False,
2026-05-22T01:33:33.654433+00:00,eval_v3_minimax-m2-7,v3,minimax/minimax-m2.7,False,20240506151500-831,1594,467,17.436,ok,False,
2026-05-22T01:33:45.523848+00:00,eval_v3_minimax-m2-7,v3,minimax/minimax-m2.7,False,20240524163000-678,1610,532,8.846,ok,False,
2026-05-22T01:33:38.284235+00:00,eval_v3_minimax-m2-7,v3,minimax/minimax-m2.7,False,20240507063000-270,1627,694,16.439,ok,False,
2026-05-22T01:33:45.378740+00:00,eval_v3_minimax-m2-7,v3,minimax/minimax-m2.7,False,20240514154500-1256,1531,779,12.186,ok,False,
2026-05-22T01:33:49.498008+00:00,eval_v3_minimax-m2-7,v3,minimax/minimax-m2.7,False,20240531070000-642,1595,523,8.276,ok,False,
2026-05-22T01:33:51.077198+00:00,eval_v3_minimax-m2-7,v3,minimax/minimax-m2.7,False,20240528200000-439,1616,529,9.029,ok,False,
2026-05-22T01:33:54.370762+00:00,eval_v3_minimax-m2-7,v3,minimax/minimax-m2.7,False,20240527074500-1089,1627,383,6.503,ok,False,
2026-05-22T01:33:50.302249+00:00,eval_v3_minimax-m2-7,v3,minimax/minimax-m2.7,False,20240526154500-389,1503,624,13.513,ok,False,
2026-05-22T01:33:51.091168+00:00,eval_v3_minimax-m2-7,v3,minimax/minimax-m2.7,False,20240529161500-1430,1563,616,14.51,ok,False,
2026-05-22T01:33:57.565980+00:00,eval_v3_minimax-m2-7,v3,minimax/minimax-m2.7,False,20240616180000-576,1638,538,10.084,ok,False,
2026-05-22T01:33:45.045356+00:00,eval_v3_minimax-m2-7,v3,minimax/minimax-m2.7,False,20240520101500-1164,1571,1024,23.25,parse_error,False,Expecting value: line 1 column 1 (char 0)
2026-05-22T01:33:57.775306+00:00,eval_v3_minimax-m2-7,v3,minimax/minimax-m2.7,False,20240608021500-87,1588,613,13.77,ok,False,
2026-05-22T01:33:54.724149+00:00,eval_v3_minimax-m2-7,v3,minimax/minimax-m2.7,False,20240616184500-527,1622,785,18.448,ok,False,
2026-05-22T01:34:00.874404+00:00,eval_v3_minimax-m2-7,v3,minimax/minimax-m2.7,False,20240606151500-1908,1610,689,14.51,ok,False,
2026-05-22T01:34:00.106811+00:00,eval_v3_minimax-m2-7,v3,minimax/minimax-m2.7,False,20240606183000-5,1634,632,15.808,ok,False,
2026-05-22T01:34:03.816381+00:00,eval_v3_minimax-m2-7,v3,minimax/minimax-m2.7,False,20240610133000-1265,1599,1024,17.01,parse_error,False,Expecting value: line 1 column 1 (char 0)
2026-05-22T01:34:13.173552+00:00,eval_v3_minimax-m2-7,v3,minimax/minimax-m2.7,False,20240624123000-1202,1616,534,11.254,ok,False,
2026-05-22T01:34:07.650825+00:00,eval_v3_minimax-m2-7,v3,minimax/minimax-m2.7,False,20240620054500-910,1609,641,16.981,ok,False,
2026-05-22T01:34:10.296787+00:00,eval_v3_minimax-m2-7,v3,minimax/minimax-m2.7,False,20240520101500-1164,1571,777,16.908,ok,False,
2026-05-22T01:34:15.384980+00:00,eval_v3_minimax-m2-7,v3,minimax/minimax-m2.7,False,20240622100000-420,1670,595,13.042,ok,False,
2026-05-22T01:34:05.602220+00:00,eval_v3_minimax-m2-7,v3,minimax/minimax-m2.7,False,20240628073000-449,1606,861,24.175,ok,False,
2026-05-22T01:34:15.915903+00:00,eval_v3_minimax-m2-7,v3,minimax/minimax-m2.7,False,20240626204500-351,1600,591,14.352,ok,False,
2026-05-22T01:34:11.546402+00:00,eval_v3_minimax-m2-7,v3,minimax/minimax-m2.7,False,20240620144500-1015,1578,562,19.201,ok,False,
2026-05-22T01:34:30.747847+00:00,eval_v3_minimax-m2-7,v3,minimax/minimax-m2.7,False,20240508164500-556,1648,757,4.157,ok,False,
2026-05-22T01:34:21.827384+00:00,eval_v3_minimax-m2-7,v3,minimax/minimax-m2.7,False,20240610133000-1265,1599,596,14.178,ok,False,
2026-05-22T01:34:28.428402+00:00,eval_v3_minimax-m2-7,v3,minimax/minimax-m2.7,False,20240520130000-1544,1620,516,9.144,ok,False,
2026-05-22T01:34:24.632819+00:00,eval_v3_minimax-m2-7,v3,minimax/minimax-m2.7,False,20240515073000-153,1588,648,13.248,ok,False,
2026-05-22T01:34:24.428376+00:00,eval_v3_minimax-m2-7,v3,minimax/minimax-m2.7,False,20240520164500-870,1613,621,15.001,ok,False,
2026-05-22T01:34:30.268851+00:00,eval_v3_minimax-m2-7,v3,minimax/minimax-m2.7,False,20240517160000-1244,1631,689,12.34,ok,False,
2026-05-22T01:34:34.905937+00:00,eval_v3_minimax-m2-7,v3,minimax/minimax-m2.7,False,20240503010000-267,1606,397,9.574,ok,False,
2026-05-22T01:34:29.777745+00:00,eval_v3_minimax-m2-7,v3,minimax/minimax-m2.7,False,20240517181500-1725,1580,712,15.885,ok,False,
2026-05-22T01:34:27.206077+00:00,eval_v3_minimax-m2-7,v3,minimax/minimax-m2.7,False,20240520124500-304,1621,633,20.085,ok,False,
2026-05-22T01:34:37.881411+00:00,eval_v3_minimax-m2-7,v3,minimax/minimax-m2.7,False,20240513100000-568,1655,570,10.156,ok,False,
2026-05-22T01:34:45.663765+00:00,eval_v3_minimax-m2-7,v3,minimax/minimax-m2.7,False,20240531094500-623,1581,754,3.244,ok,False,
2026-05-22T01:34:47.291981+00:00,eval_v3_minimax-m2-7,v3,minimax/minimax-m2.7,False,20240531100000-1152,1623,630,3.566,ok,False,
2026-05-22T01:34:39.430676+00:00,eval_v3_minimax-m2-7,v3,minimax/minimax-m2.7,False,20240513053000-683,1608,527,11.542,ok,False,
2026-05-22T01:34:36.005971+00:00,eval_v3_minimax-m2-7,v3,minimax/minimax-m2.7,False,20240509180000-898,1579,727,15.635,ok,False,
2026-05-22T01:34:37.573187+00:00,eval_v3_minimax-m2-7,v3,minimax/minimax-m2.7,False,20240429033000-863,1565,759,16.8,ok,False,
2026-05-22T01:34:42.609707+00:00,eval_v3_minimax-m2-7,v3,minimax/minimax-m2.7,False,20240604100000-318,1569,683,13.212,ok,False,
2026-05-22T01:34:44.480613+00:00,eval_v3_minimax-m2-7,v3,minimax/minimax-m2.7,False,20240602220000-723,1586,646,12.225,ok,False,
2026-05-22T01:34:48.908844+00:00,eval_v3_minimax-m2-7,v3,minimax/minimax-m2.7,False,20240527114500-559,1593,547,10.158,ok,False,
2026-05-22T01:34:48.039283+00:00,eval_v3_minimax-m2-7,v3,minimax/minimax-m2.7,False,20240529210000-812,1630,731,14.16,ok,False,
2026-05-22T01:34:51.643370+00:00,eval_v3_minimax-m2-7,v3,minimax/minimax-m2.7,False,20220713174500-1120,1632,579,13.055,ok,False,
2026-05-22T01:34:50.859273+00:00,eval_v3_minimax-m2-7,v3,minimax/minimax-m2.7,False,20230307231500-299,1609,658,14.429,ok,False,
2026-05-22T01:34:50.973477+00:00,eval_v3_minimax-m2-7,v3,minimax/minimax-m2.7,False,20220905180000-852,1497,637,15.051,ok,False,
2026-05-22T01:34:59.067403+00:00,eval_v3_minimax-m2-7,v3,minimax/minimax-m2.7,False,20240602224500-116,1542,604,9.767,ok,False,
2026-05-22T01:34:56.706657+00:00,eval_v3_minimax-m2-7,v3,minimax/minimax-m2.7,False,20240524144500-644,1589,740,14.787,ok,False,
2026-05-22T01:34:54.374466+00:00,eval_v3_minimax-m2-7,v3,minimax/minimax-m2.7,False,20240524194500-1103,1612,1024,19.97,parse_error,False,Expecting value: line 1 column 1 (char 0)
2026-05-22T01:35:05.289562+00:00,eval_v3_minimax-m2-7,v3,minimax/minimax-m2.7,False,20240429034500-278,1621,525,14.357,ok,False,
2026-05-22T01:34:55.823469+00:00,eval_v3_minimax-m2-7,v3,minimax/minimax-m2.7,False,20230324184500-791,1556,513,25.128,ok,False,
2026-05-22T01:35:02.199806+00:00,eval_v3_minimax-m2-7,v3,minimax/minimax-m2.7,False,20240314163000-863,1574,533,26.36,ok,False,
2026-05-22T01:35:15.345262+00:00,eval_v3_minimax-m2-7,v3,minimax/minimax-m2.7,False,20240524194500-1103,1612,625,17.686,ok,False,
2026-05-22T01:35:04.699495+00:00,eval_v3_minimax-m2-7,v3,minimax/minimax-m2.7,False,20230315194500-159,1585,533,30.711,ok,False,
